YEAR_BUILT,CURRENT_BUILDING_EVAL_SCORE,CONFIRMED_STOREYS,CONFIRMED_UNITS,PROPERTY_TYPE
1968,89,13,172,PRIVATE
2011,86,5,50,SOCIAL HOUSING
1981,91,15,266,TCHC
1972,89,10,99,TCHC
1967,86,15,96,PRIVATE
1969,100,19,207,PRIVATE
1962,97,7,48,PRIVATE
1969,89,13,149,PRIVATE
1963,97,12,57,PRIVATE
1957,91,6,65,PRIVATE
1963,90,5,44,PRIVATE
1965,84,12,52,PRIVATE
1960,93,10,90,PRIVATE
1963,91,9,57,PRIVATE
1959,87,6,72,PRIVATE
1965,93,12,108,PRIVATE
1964,89,8,51,PRIVATE
1965,93,10,54,PRIVATE
1960,95,8,54,PRIVATE
1986,97,5,88,PRIVATE
1954,78,3,18,PRIVATE
1961,90,4,37,PRIVATE
1954,86,4,44,PRIVATE
1954,90,3,21,PRIVATE
1958,84,4,23,PRIVATE
1954,79,3,12,PRIVATE
1965,90,4,50,PRIVATE
1962,86,6,49,PRIVATE
1982,92,7,92,PRIVATE
1982,88,9,203,PRIVATE
1982,94,9,117,PRIVATE
1971,91,6,75,PRIVATE
1971,90,6,94,PRIVATE
1958,88,6,110,PRIVATE
1958,90,6,110,PRIVATE
1960,94,7,107,PRIVATE
1968,92,6,91,PRIVATE
1964,95,9,101,PRIVATE
1960,90,7,118,PRIVATE
1968,92,7,169,PRIVATE
1962,81,7,75,PRIVATE
1960,89,5,72,PRIVATE
1960,88,5,72,PRIVATE
1965,94,7,130,PRIVATE
1965,91,6,70,PRIVATE
1953,89,6,70,PRIVATE
1960,87,6,81,PRIVATE
1960,79,7,82,PRIVATE
1969,78,12,166,PRIVATE
1965,82,12,161,TCHC
1965,77,7,103,TCHC
1969,87,3,36,TCHC
1970,91,16,65,PRIVATE
2020,100,35,315,PRIVATE
1964,77,10,109,PRIVATE
1964,98,16,188,PRIVATE
1956,84,4,37,PRIVATE
1970,90,27,491,PRIVATE
1972,96,23,227,PRIVATE
1970,93,11,28,PRIVATE
1972,99,30,501,PRIVATE
1962,98,13,160,PRIVATE
1969,96,23,250,PRIVATE
1957,94,4,31,PRIVATE
1960,93,13,47,PRIVATE
1961,99,4,15,PRIVATE
1966,98,15,134,PRIVATE
1966,89,15,163,PRIVATE
1965,94,16,218,PRIVATE
1963,93,7,97,PRIVATE
1963,94,7,97,PRIVATE
1958,65,3,26,PRIVATE
1974,88,18,195,PRIVATE
1974,93,14,152,PRIVATE
1971,79,19,140,PRIVATE
1960,84,5,48,PRIVATE
1967,91,3,25,PRIVATE
1970,83,3,25,PRIVATE
1967,97,11,85,PRIVATE
1970,89,19,154,PRIVATE
1968,88,20,159,PRIVATE
1970,90,20,154,PRIVATE
1970,96,19,221,TCHC
1970,93,19,224,TCHC
1957,85,3,11,PRIVATE
1996,97,5,175,SOCIAL HOUSING
1970,90,19,136,PRIVATE
1989,86,3,40,TCHC
1960,91,4,33,PRIVATE
1960,86,4,33,PRIVATE
1965,75,19,218,PRIVATE
1952,89,5,66,PRIVATE
1965,80,3,12,PRIVATE
1965,79,3,12,PRIVATE
1965,85,3,12,PRIVATE
1952,74,3,12,PRIVATE
1973,82,4,16,TCHC
1973,78,4,16,TCHC
1973,86,4,16,TCHC
1973,77,4,16,TCHC
1973,81,4,16,TCHC
1973,83,4,16,TCHC
1958,94,3,11,PRIVATE
1957,85,3,23,PRIVATE
1957,92,3,23,PRIVATE
1953,96,3,11,PRIVATE
1953,97,3,11,PRIVATE
1953,98,3,11,PRIVATE
1953,98,3,10,PRIVATE
1957,81,3,31,TCHC
1957,78,3,31,TCHC
1957,80,3,31,TCHC
1957,83,4,30,TCHC
1957,79,4,30,TCHC
1957,90,4,31,TCHC
1992,83,6,41,SOCIAL HOUSING
1952,76,3,12,PRIVATE
1960,84,3,13,PRIVATE
1970,89,6,63,PRIVATE
1966,93,14,96,PRIVATE
1966,88,14,96,PRIVATE
1976,85,29,366,PRIVATE
1975,94,29,277,PRIVATE
1968,95,10,128,PRIVATE
1967,88,17,218,PRIVATE
1965,91,18,287,PRIVATE
1956,77,4,29,PRIVATE
1955,88,4,15,PRIVATE
2000,90,7,25,TCHC
1963,97,4,53,PRIVATE
1960,87,4,28,PRIVATE
1959,92,3,41,PRIVATE
1968,83,22,370,PRIVATE
1973,88,22,370,PRIVATE
1972,76,22,370,PRIVATE
1960,93,3,22,PRIVATE
1957,83,3,12,PRIVATE
1958,91,3,11,PRIVATE
1983,93,3,10,PRIVATE
1958,88,3,22,PRIVATE
1958,91,3,10,PRIVATE
1962,91,3,30,PRIVATE
1982,96,3,61,TCHC
1993,92,18,248,SOCIAL HOUSING
1994,95,5,60,SOCIAL HOUSING
1958,90,3,27,PRIVATE
1964,91,12,213,PRIVATE
1960,92,6,75,PRIVATE
1970,89,4,28,PRIVATE
1974,92,6,49,PRIVATE
1955,85,6,48,PRIVATE
1958,99,4,33,PRIVATE
1964,88,12,212,PRIVATE
1961,100,6,81,PRIVATE
1961,100,6,94,PRIVATE
1965,86,12,152,PRIVATE
1960,82,4,27,PRIVATE
1954,96,6,41,PRIVATE
1969,83,7,153,PRIVATE
1970,90,12,96,PRIVATE
1959,78,3,10,PRIVATE
1966,65,17,284,PRIVATE
1975,93,3,12,PRIVATE
1975,92,3,12,PRIVATE
1975,94,3,12,PRIVATE
1975,76,3,180,PRIVATE
1975,93,3,12,PRIVATE
1975,96,3,12,PRIVATE
1975,76,3,12,PRIVATE
1975,79,3,108,PRIVATE
1975,81,3,12,PRIVATE
1975,88,3,12,PRIVATE
1975,88,3,12,PRIVATE
2022,97,4,53,PRIVATE
1986,77,5,132,TCHC
1969,68,33,447,PRIVATE
2007,96,12,188,PRIVATE
1991,84,3,26,SOCIAL HOUSING
1976,81,7,81,TCHC
1980,78,3,12,TCHC
1996,93,5,29,SOCIAL HOUSING
1994,96,5,45,SOCIAL HOUSING
1955,88,3,25,PRIVATE
1958,88,3,12,PRIVATE
1985,100,21,438,PRIVATE
1979,91,18,275,TCHC
1975,81,6,297,SOCIAL HOUSING
1961,89,4,47,PRIVATE
1959,78,4,39,PRIVATE
1962,77,4,30,PRIVATE
1960,85,6,179,PRIVATE
1969,82,14,170,PRIVATE
1967,87,9,244,PRIVATE
1983,82,12,141,SOCIAL HOUSING
1987,87,14,123,SOCIAL HOUSING
1964,92,7,150,PRIVATE
1970,88,11,85,PRIVATE
1971,95,16,171,PRIVATE
2008,74,4,15,TCHC
1970,98,11,121,PRIVATE
1972,77,27,258,PRIVATE
1959,77,6,115,PRIVATE
1959,82,6,117,PRIVATE
1962,92,7,112,PRIVATE
1971,94,7,113,PRIVATE
1993,83,14,166,SOCIAL HOUSING
1962,92,12,115,TCHC
1964,96,15,168,TCHC
1970,89,17,202,PRIVATE
1970,96,18,221,PRIVATE
1955,93,3,31,PRIVATE
1957,82,5,25,PRIVATE
1960,82,3,11,PRIVATE
1968,78,6,60,PRIVATE
1961,88,8,102,PRIVATE
1952,95,7,87,PRIVATE
1980,92,7,146,PRIVATE
1955,87,4,34,PRIVATE
1955,87,3,33,PRIVATE
1958,74,4,11,PRIVATE
1955,79,4,34,PRIVATE
1954,79,4,34,PRIVATE
1960,78,4,40,SOCIAL HOUSING
1960,80,3,37,PRIVATE
1960,74,3,38,PRIVATE
1981,91,14,300,TCHC
1960,78,3,41,PRIVATE
1963,78,3,36,PRIVATE
1959,89,5,78,PRIVATE
1989,79,21,210,TCHC
1993,88,8,97,SOCIAL HOUSING
1975,95,4,25,PRIVATE
1953,82,4,29,PRIVATE
2009,80,3,32,SOCIAL HOUSING
1953,95,4,49,PRIVATE
1986,96,16,140,SOCIAL HOUSING
1960,87,3,10,PRIVATE
1951,93,4,47,PRIVATE
1960,91,3,47,PRIVATE
1960,92,4,47,PRIVATE
1960,94,4,52,PRIVATE
1962,95,3,29,PRIVATE
2011,87,17,250,SOCIAL HOUSING
1970,86,5,223,PRIVATE
1966,99,17,391,PRIVATE
1966,97,6,107,PRIVATE
1967,90,5,65,PRIVATE
1976,91,4,32,PRIVATE
1976,88,4,27,PRIVATE
1994,98,8,145,SOCIAL HOUSING
1969,92,16,180,TCHC
1969,96,16,180,TCHC
1976,92,12,126,SOCIAL HOUSING
1960,91,3,12,PRIVATE
1982,94,3,18,SOCIAL HOUSING
1957,85,4,66,PRIVATE
1957,88,4,59,PRIVATE
1957,82,3,12,PRIVATE
1968,82,4,32,PRIVATE
1967,96,18,229,PRIVATE
1985,97,9,53,TCHC
1985,85,16,101,TCHC
1961,84,14,120,PRIVATE
1970,83,15,268,PRIVATE
1955,92,4,36,TCHC
1959,76,3,20,PRIVATE
1968,76,23,267,PRIVATE
1971,91,24,419,PRIVATE
1956,87,3,11,PRIVATE
1970,82,3,12,PRIVATE
1956,79,3,11,PRIVATE
2023,81,3,12,PRIVATE
1956,81,3,11,PRIVATE
2023,78,3,11,PRIVATE
1968,94,10,56,PRIVATE
1962,82,19,255,TCHC
2021,100,41,333,PRIVATE
1960,83,7,45,PRIVATE
1970,89,24,172,PRIVATE
1968,80,18,107,PRIVATE
1963,92,15,162,PRIVATE
1966,98,30,575,PRIVATE
1977,93,16,156,TCHC
1959,74,4,21,PRIVATE
1992,95,5,72,SOCIAL HOUSING
1971,84,20,384,TCHC
1974,99,23,458,PRIVATE
1974,87,33,319,PRIVATE
2021,98,9,210,PRIVATE
2006,70,6,171,PRIVATE
2008,82,5,74,PRIVATE
1992,95,3,14,SOCIAL HOUSING
1992,91,4,21,SOCIAL HOUSING
1992,92,3,14,SOCIAL HOUSING
1992,95,4,21,SOCIAL HOUSING
1992,89,4,28,SOCIAL HOUSING
1992,93,3,14,SOCIAL HOUSING
1967,84,9,90,PRIVATE
1993,95,4,22,SOCIAL HOUSING
1974,90,15,235,PRIVATE
1989,94,5,19,SOCIAL HOUSING
1995,92,3,16,SOCIAL HOUSING
1989,95,4,14,SOCIAL HOUSING
1965,98,6,41,TCHC
1965,96,24,200,PRIVATE
1960,78,4,24,PRIVATE
1960,96,4,62,PRIVATE
1960,88,4,61,PRIVATE
1962,90,4,78,PRIVATE
1960,87,4,60,PRIVATE
1960,86,4,64,PRIVATE
1958,94,4,61,PRIVATE
1960,80,4,69,PRIVATE
1958,89,4,60,PRIVATE
1960,95,4,60,PRIVATE
1958,94,4,60,PRIVATE
1970,80,3,30,SOCIAL HOUSING
1959,84,4,24,SOCIAL HOUSING
1956,87,4,53,TCHC
1977,81,11,194,SOCIAL HOUSING
1962,93,7,68,PRIVATE
1958,93,3,18,PRIVATE
1972,76,3,13,PRIVATE
1960,89,3,18,PRIVATE
1955,85,6,52,PRIVATE
1992,98,5,80,SOCIAL HOUSING
1984,88,14,237,TCHC
1969,84,28,267,PRIVATE
1967,95,24,411,PRIVATE
1960,91,3,34,PRIVATE
1960,93,3,34,PRIVATE
1962,95,7,121,PRIVATE
1959,90,9,91,PRIVATE
1959,87,7,61,PRIVATE
1967,95,11,76,PRIVATE
1956,87,9,66,PRIVATE
1977,91,6,72,PRIVATE
1960,87,10,80,PRIVATE
1968,86,7,118,PRIVATE
1960,87,7,91,PRIVATE
1960,74,7,90,PRIVATE
1955,88,7,67,PRIVATE
1955,89,7,108,PRIVATE
1955,90,4,23,PRIVATE
1960,92,9,80,PRIVATE
1956,88,4,28,PRIVATE
1965,94,6,66,PRIVATE
1967,94,7,96,PRIVATE
1965,93,7,82,PRIVATE
1959,91,8,61,PRIVATE
1957,84,8,72,PRIVATE
1960,97,11,86,PRIVATE
1957,93,7,73,PRIVATE
1965,72,11,82,PRIVATE
1960,96,8,47,PRIVATE
1963,95,11,62,PRIVATE
1962,91,12,100,PRIVATE
1955,84,3,18,PRIVATE
1960,89,6,32,PRIVATE
1955,87,4,25,PRIVATE
1958,97,3,17,PRIVATE
1964,92,9,106,PRIVATE
1964,89,9,107,PRIVATE
1970,97,12,93,PRIVATE
1973,92,15,146,PRIVATE
1960,98,8,63,PRIVATE
1968,88,5,40,PRIVATE
1967,93,6,76,TCHC
1958,96,3,28,PRIVATE
1960,89,3,29,PRIVATE
1971,75,15,102,PRIVATE
1960,88,10,105,PRIVATE
1960,79,3,21,PRIVATE
1970,95,17,206,PRIVATE
1954,82,4,40,PRIVATE
1966,78,11,294,TCHC
1964,83,3,12,PRIVATE
1964,79,3,12,PRIVATE
1965,80,5,39,PRIVATE
1965,98,3,11,PRIVATE
1965,98,3,11,PRIVATE
1965,99,3,11,PRIVATE
1965,98,3,11,PRIVATE
1968,94,20,158,PRIVATE
1970,90,20,154,PRIVATE
1960,90,13,115,PRIVATE
1972,96,5,52,PRIVATE
1968,89,12,118,PRIVATE
1968,86,4,144,PRIVATE
1975,91,17,198,PRIVATE
1968,87,17,234,PRIVATE
1971,79,13,156,PRIVATE
1960,90,14,183,PRIVATE
1970,98,13,153,PRIVATE
1970,94,14,164,PRIVATE
1971,81,15,188,TCHC
1970,92,12,164,TCHC
1967,93,14,163,PRIVATE
1974,92,15,131,PRIVATE
1973,79,9,97,PRIVATE
1975,74,13,291,PRIVATE
1967,88,3,45,PRIVATE
1967,85,3,45,PRIVATE
1963,85,3,45,PRIVATE
1963,81,3,45,PRIVATE
2009,97,6,98,SOCIAL HOUSING
1994,86,7,55,TCHC
1992,81,9,75,SOCIAL HOUSING
1995,90,10,82,TCHC
1960,80,4,35,PRIVATE
1960,89,9,143,PRIVATE
1960,85,7,76,PRIVATE
1991,77,10,212,TCHC
1954,91,3,22,PRIVATE
1954,17,3,10,PRIVATE
1966,83,7,90,PRIVATE
2018,94,31,369,PRIVATE
1979,91,7,180,TCHC
1992,74,4,26,TCHC
1958,90,4,42,PRIVATE
1996,87,11,132,SOCIAL HOUSING
1958,86,4,22,PRIVATE
1955,90,4,47,PRIVATE
1957,92,3,28,PRIVATE
1960,95,4,45,PRIVATE
1959,82,9,187,PRIVATE
1961,95,6,71,PRIVATE
1961,95,9,93,PRIVATE
1992,73,7,89,SOCIAL HOUSING
1957,74,3,22,PRIVATE
1955,69,3,11,PRIVATE
1958,82,3,10,PRIVATE
2002,83,3,15,PRIVATE
1957,82,4,47,PRIVATE
1957,78,4,46,PRIVATE
1954,67,3,17,PRIVATE
1960,81,3,11,PRIVATE
1954,92,3,12,PRIVATE
1958,89,3,11,PRIVATE
1953,83,3,12,PRIVATE
1954,83,3,12,PRIVATE
1960,82,3,12,PRIVATE
1958,86,3,34,PRIVATE
1967,83,8,57,PRIVATE
1977,84,12,95,PRIVATE
1955,79,3,12,PRIVATE
1955,83,3,12,PRIVATE
1954,93,4,29,PRIVATE
1958,74,4,26,PRIVATE
1958,80,3,23,PRIVATE
1955,83,4,39,PRIVATE
1956,78,3,11,PRIVATE
1955,95,3,11,PRIVATE
1984,68,3,11,PRIVATE
1954,91,3,11,PRIVATE
1965,96,3,11,PRIVATE
1954,85,3,11,PRIVATE
1968,87,3,10,PRIVATE
1958,93,3,12,PRIVATE
1953,82,3,11,PRIVATE
1955,82,3,21,PRIVATE
1955,88,3,21,PRIVATE
1953,84,3,21,PRIVATE
1960,91,3,33,PRIVATE
1965,87,4,27,PRIVATE
1962,94,4,41,PRIVATE
1965,56,3,12,PRIVATE
1960,90,6,48,PRIVATE
1958,85,7,66,PRIVATE
1967,37,5,38,TCHC
1991,85,4,16,TCHC
1954,91,3,11,PRIVATE
2018,97,43,595,PRIVATE
1973,94,25,225,PRIVATE
2020,98,32,275,PRIVATE
1960,75,3,29,PRIVATE
1960,80,3,23,PRIVATE
1954,89,14,192,PRIVATE
1970,79,18,190,TCHC
1970,93,6,22,TCHC
1980,94,6,22,TCHC
1980,94,6,22,TCHC
1980,95,6,22,TCHC
1965,88,5,35,PRIVATE
1984,84,10,139,PRIVATE
1974,87,10,140,PRIVATE
1971,83,12,184,TCHC
1952,87,4,30,PRIVATE
1960,92,3,39,PRIVATE
1954,82,4,71,PRIVATE
1970,89,17,350,TCHC
1971,86,3,11,PRIVATE
1971,81,3,11,PRIVATE
1971,83,3,11,PRIVATE
1971,85,3,22,PRIVATE
1952,63,3,16,PRIVATE
1954,87,4,46,PRIVATE
1962,82,4,42,PRIVATE
1962,95,4,43,PRIVATE
1955,93,4,28,PRIVATE
1962,79,6,58,PRIVATE
1986,98,23,336,PRIVATE
1973,88,30,233,PRIVATE
1955,76,3,57,PRIVATE
2021,100,34,231,PRIVATE
1960,90,11,77,PRIVATE
1960,92,11,212,PRIVATE
1965,89,16,164,PRIVATE
1968,79,15,174,PRIVATE
1970,96,15,174,PRIVATE
1965,92,16,176,PRIVATE
1964,96,15,172,PRIVATE
1969,85,12,95,PRIVATE
1964,96,15,174,PRIVATE
1969,75,12,143,PRIVATE
1956,76,5,102,PRIVATE
1960,91,7,132,PRIVATE
1961,95,7,129,PRIVATE
1961,86,7,120,PRIVATE
1972,81,16,217,TCHC
1972,95,17,231,TCHC
1972,89,18,421,TCHC
1974,86,8,154,PRIVATE
1974,96,15,131,PRIVATE
1970,99,21,118,PRIVATE
1968,94,11,88,PRIVATE
1966,88,17,121,PRIVATE
1968,98,12,160,PRIVATE
1994,96,7,164,SOCIAL HOUSING
1971,96,15,118,PRIVATE
1971,88,15,118,PRIVATE
1960,93,6,60,PRIVATE
1962,91,6,60,PRIVATE
1958,98,6,60,PRIVATE
1993,87,3,11,TCHC
1970,75,3,24,PRIVATE
1958,85,3,17,PRIVATE
1968,81,20,305,PRIVATE
1970,98,20,304,PRIVATE
1970,89,24,286,PRIVATE
1970,95,25,298,PRIVATE
1962,93,6,60,PRIVATE
1962,92,6,70,PRIVATE
1970,87,13,128,TCHC
1970,75,13,128,TCHC
1954,75,3,23,PRIVATE
1970,80,3,12,PRIVATE
1970,95,10,136,PRIVATE
1962,89,6,100,PRIVATE
1977,96,13,400,TCHC
2020,98,36,361,PRIVATE
1993,89,4,44,SOCIAL HOUSING
1960,78,3,45,PRIVATE
1955,84,4,43,PRIVATE
1970,88,3,17,PRIVATE
1953,69,3,28,PRIVATE
1956,72,3,28,PRIVATE
1969,99,17,284,PRIVATE
1966,99,28,217,PRIVATE
1968,97,9,109,PRIVATE
1958,69,4,53,PRIVATE
1966,99,6,42,PRIVATE
1960,87,6,57,PRIVATE
1960,86,6,42,PRIVATE
1961,97,7,51,PRIVATE
1961,93,7,52,PRIVATE
1963,91,6,53,PRIVATE
1961,81,6,47,PRIVATE
1967,91,6,42,PRIVATE
1960,92,7,60,PRIVATE
1965,80,6,43,PRIVATE
1960,88,3,19,PRIVATE
1980,90,4,32,SOCIAL HOUSING
1980,96,8,135,SOCIAL HOUSING
1962,87,6,200,TCHC
1970,87,9,113,PRIVATE
1970,87,11,139,PRIVATE
1989,94,3,15,TCHC
2008,93,9,184,PRIVATE
1968,92,19,335,PRIVATE
1956,83,3,11,PRIVATE
1956,86,3,11,PRIVATE
2010,99,22,332,PRIVATE
1958,85,3,11,PRIVATE
1956,82,3,12,PRIVATE
1959,90,3,26,PRIVATE
1958,93,3,26,PRIVATE
1960,79,3,29,PRIVATE
1960,81,3,29,PRIVATE
1958,99,4,15,PRIVATE
1974,81,14,201,PRIVATE
1967,89,14,198,PRIVATE
1959,98,3,35,PRIVATE
1959,95,3,35,PRIVATE
1959,95,3,37,PRIVATE
1975,93,17,81,PRIVATE
1965,99,3,11,PRIVATE
1965,99,3,11,PRIVATE
1957,85,3,18,PRIVATE
1956,89,3,29,PRIVATE
1979,87,6,196,TCHC
1980,79,5,15,TCHC
1978,86,4,105,TCHC
1969,92,26,201,PRIVATE
1969,87,20,331,PRIVATE
2021,92,25,264,PRIVATE
1969,88,23,321,PRIVATE
1969,92,16,218,PRIVATE
1969,82,24,449,TCHC
1954,84,4,30,PRIVATE
1955,96,4,30,PRIVATE
1962,91,4,38,PRIVATE
1968,82,5,36,PRIVATE
1964,85,4,30,PRIVATE
1957,73,4,27,PRIVATE
1954,95,4,34,PRIVATE
1965,88,24,196,PRIVATE
1965,87,24,196,PRIVATE
2022,100,7,146,PRIVATE
1954,97,4,71,PRIVATE
1953,94,4,44,PRIVATE
1968,97,23,287,PRIVATE
1975,94,14,66,PRIVATE
1963,95,14,162,PRIVATE
1967,87,15,145,PRIVATE
1969,86,4,14,TCHC
1993,89,16,127,SOCIAL HOUSING
1959,79,7,67,PRIVATE
1956,69,3,12,PRIVATE
1956,83,3,12,PRIVATE
1957,87,3,10,PRIVATE
1952,76,3,10,PRIVATE
1956,78,3,11,PRIVATE
1957,75,3,12,PRIVATE
1956,75,3,11,PRIVATE
1957,82,3,10,PRIVATE
1969,85,24,381,PRIVATE
1964,94,15,239,PRIVATE
1969,83,14,246,TCHC
1968,89,14,215,TCHC
1989,91,4,119,SOCIAL HOUSING
1984,90,13,179,TCHC
1986,90,11,104,SOCIAL HOUSING
1984,87,19,176,SOCIAL HOUSING
1960,96,20,116,PRIVATE
1973,99,29,561,PRIVATE
1965,100,13,70,PRIVATE
1960,66,5,21,PRIVATE
1970,81,8,38,PRIVATE
1971,90,6,62,PRIVATE
1955,74,6,53,PRIVATE
1975,91,27,419,PRIVATE
1955,91,4,24,PRIVATE
1960,94,10,84,PRIVATE
1965,96,12,82,PRIVATE
1963,90,14,101,PRIVATE
2016,95,27,411,PRIVATE
1968,77,14,82,PRIVATE
1959,80,13,76,PRIVATE
1960,87,11,221,PRIVATE
1959,90,11,262,PRIVATE
1960,88,9,79,PRIVATE
1960,95,7,56,PRIVATE
1951,96,4,38,PRIVATE
1951,94,4,47,PRIVATE
1957,79,13,202,PRIVATE
1971,87,8,77,PRIVATE
1971,90,8,77,PRIVATE
1973,84,12,162,TCHC
1973,82,12,162,TCHC
1970,78,20,266,PRIVATE
1970,83,22,271,PRIVATE
1964,60,7,80,PRIVATE
1961,89,5,39,PRIVATE
1962,93,5,36,PRIVATE
1978,98,8,89,SOCIAL HOUSING
1994,84,11,158,SOCIAL HOUSING
1993,91,11,243,SOCIAL HOUSING
1968,76,12,142,PRIVATE
1962,72,7,64,PRIVATE
1968,93,6,33,PRIVATE
1960,92,5,26,PRIVATE
1957,88,7,111,PRIVATE
1957,86,7,96,PRIVATE
1960,91,6,200,TCHC
1989,95,11,170,SOCIAL HOUSING
1964,79,7,110,PRIVATE
1960,96,13,123,PRIVATE
1960,79,6,48,PRIVATE
1992,87,6,48,SOCIAL HOUSING
1972,92,11,105,PRIVATE
1964,89,7,90,PRIVATE
1970,90,7,88,PRIVATE
1969,74,13,213,TCHC
1975,81,10,114,PRIVATE
1970,79,3,31,TCHC
1970,79,3,33,TCHC
1970,73,3,15,TCHC
1970,83,3,20,TCHC
1970,90,19,238,TCHC
1970,87,10,102,PRIVATE
1967,91,12,141,PRIVATE
1967,92,14,220,PRIVATE
1972,77,11,185,TCHC
1972,79,11,185,TCHC
1974,84,13,375,TCHC
1974,82,14,345,TCHC
1992,99,8,133,SOCIAL HOUSING
1954,71,3,29,PRIVATE
2003,98,3,24,SOCIAL HOUSING
1959,77,3,10,PRIVATE
1959,57,3,10,PRIVATE
1958,90,3,10,PRIVATE
1961,90,3,10,PRIVATE
1967,88,3,20,PRIVATE
1965,73,3,15,PRIVATE
1958,96,3,15,PRIVATE
1958,89,3,10,PRIVATE
1967,78,13,207,PRIVATE
1967,80,13,214,PRIVATE
1969,93,20,161,PRIVATE
1963,87,6,76,PRIVATE
1963,83,7,96,PRIVATE
1962,82,6,90,PRIVATE
1960,75,6,87,PRIVATE
1970,89,15,350,PRIVATE
1962,86,4,24,PRIVATE
1955,90,3,13,TCHC
1955,91,3,20,TCHC
1994,87,8,100,SOCIAL HOUSING
1965,79,9,92,PRIVATE
1959,90,3,30,PRIVATE
1960,89,4,34,PRIVATE
1979,96,4,70,PRIVATE
1961,99,4,32,PRIVATE
1960,83,16,121,PRIVATE
1960,90,16,121,PRIVATE
1959,95,10,87,PRIVATE
1965,90,7,60,PRIVATE
1957,89,13,152,PRIVATE
1962,93,12,122,PRIVATE
1955,97,4,42,PRIVATE
1960,93,9,48,PRIVATE
1953,86,8,42,TCHC
1951,85,3,10,PRIVATE
1962,88,3,13,PRIVATE
1955,89,3,12,PRIVATE
1957,82,3,31,TCHC
1957,71,3,31,TCHC
1966,88,16,224,PRIVATE
1965,96,11,231,PRIVATE
1960,86,6,77,SOCIAL HOUSING
1987,94,4,15,SOCIAL HOUSING
2010,95,10,141,PRIVATE
1962,94,7,114,PRIVATE
2010,88,14,291,PRIVATE
2005,90,9,116,PRIVATE
1966,85,16,188,PRIVATE
1966,96,14,174,PRIVATE
1979,92,13,200,PRIVATE
1960,59,3,24,PRIVATE
1967,87,22,159,SOCIAL HOUSING
1973,91,24,183,PRIVATE
1957,95,3,11,PRIVATE
2022,100,20,177,PRIVATE
1957,90,6,36,PRIVATE
1970,90,6,55,PRIVATE
1963,87,4,49,PRIVATE
1957,90,3,26,PRIVATE
1957,90,3,25,PRIVATE
1993,74,4,51,TCHC
1952,98,3,16,PRIVATE
2013,91,8,179,PRIVATE
2014,85,8,128,TCHC
1955,86,8,44,PRIVATE
1969,68,42,183,TCHC
1965,79,7,92,PRIVATE
1958,64,4,26,PRIVATE
1967,94,18,142,PRIVATE
1973,98,36,540,PRIVATE
1974,93,31,416,PRIVATE
1979,88,19,350,TCHC
1979,94,13,128,TCHC
1974,85,22,310,PRIVATE
1962,90,19,255,TCHC
1969,92,16,255,PRIVATE
1989,97,4,12,TCHC
2019,98,6,82,PRIVATE
1974,88,5,38,PRIVATE
1969,85,9,128,PRIVATE
1970,85,24,293,PRIVATE
1971,84,29,324,PRIVATE
1965,98,18,102,PRIVATE
1962,86,3,34,PRIVATE
1951,95,3,10,PRIVATE
1982,94,11,60,PRIVATE
1992,88,10,150,SOCIAL HOUSING
1996,97,4,29,SOCIAL HOUSING
1968,95,17,193,PRIVATE
1969,97,16,229,PRIVATE
1977,82,15,254,PRIVATE
1970,93,12,160,PRIVATE
1967,91,19,295,PRIVATE
1965,92,13,152,PRIVATE
1959,74,10,113,PRIVATE
1965,92,13,149,PRIVATE
1965,94,10,118,PRIVATE
1960,97,6,59,PRIVATE
1955,65,6,58,PRIVATE
1955,80,3,12,PRIVATE
1972,74,3,11,PRIVATE
1957,72,3,12,PRIVATE
1963,86,3,12,PRIVATE
1955,88,3,11,PRIVATE
1969,80,3,11,PRIVATE
1960,82,3,11,PRIVATE
1955,78,3,11,PRIVATE
1959,77,3,30,PRIVATE
1968,71,3,12,PRIVATE
1954,88,3,12,PRIVATE
1960,92,3,11,PRIVATE
1965,75,4,41,PRIVATE
1954,84,3,11,PRIVATE
1952,76,3,11,PRIVATE
1954,77,4,12,PRIVATE
1955,72,4,31,PRIVATE
1959,87,3,39,PRIVATE
1963,81,4,59,PRIVATE
1965,89,11,258,PRIVATE
1967,85,9,141,PRIVATE
1967,91,9,61,PRIVATE
1994,86,4,59,SOCIAL HOUSING
1970,81,3,238,TCHC
1962,77,3,57,PRIVATE
1972,77,9,92,PRIVATE
1958,86,4,50,PRIVATE
2016,99,8,79,PRIVATE
1955,93,4,32,PRIVATE
1955,89,4,32,PRIVATE
1958,90,4,52,PRIVATE
1992,94,5,59,SOCIAL HOUSING
1965,80,7,221,TCHC
1965,84,11,194,TCHC
1965,83,7,58,TCHC
1961,86,4,31,PRIVATE
1967,81,4,25,PRIVATE
1955,95,3,18,PRIVATE
1971,93,6,71,PRIVATE
1969,87,11,192,TCHC
1957,93,4,49,PRIVATE
1958,92,6,79,PRIVATE
1958,86,6,79,PRIVATE
1957,94,4,49,PRIVATE
1965,85,14,186,PRIVATE
1960,92,5,57,PRIVATE
1969,95,5,34,PRIVATE
1969,86,5,33,PRIVATE
1961,85,6,62,PRIVATE
1961,75,6,59,PRIVATE
1954,90,6,50,PRIVATE
1967,92,7,54,PRIVATE
1957,84,5,34,PRIVATE
1961,91,6,82,PRIVATE
1965,97,4,32,PRIVATE
1960,89,4,29,PRIVATE
1961,77,7,77,PRIVATE
1960,91,18,136,PRIVATE
1956,80,3,13,PRIVATE
1955,81,3,17,PRIVATE
1962,89,3,31,TCHC
1994,93,12,119,SOCIAL HOUSING
1974,95,27,420,PRIVATE
2014,97,8,128,TCHC
2019,94,35,506,PRIVATE
1987,81,3,39,SOCIAL HOUSING
1972,88,14,189,PRIVATE
1976,94,11,136,SOCIAL HOUSING
1967,98,7,77,PRIVATE
1992,93,6,59,TCHC
1960,76,3,44,PRIVATE
1952,80,3,15,PRIVATE
1954,98,4,16,PRIVATE
1954,98,4,16,PRIVATE
1953,91,4,16,PRIVATE
1958,94,4,19,PRIVATE
1963,86,7,74,PRIVATE
1970,72,4,16,PRIVATE
1970,78,4,16,PRIVATE
1970,72,3,16,PRIVATE
1970,78,3,16,PRIVATE
1970,74,3,16,PRIVATE
1970,78,3,16,PRIVATE
1959,78,4,94,SOCIAL HOUSING
1954,86,4,60,PRIVATE
1960,94,4,44,PRIVATE
1954,26,3,36,TCHC
1958,95,4,38,PRIVATE
1958,88,9,115,PRIVATE
1992,70,5,108,TCHC
1954,83,3,90,TCHC
1985,77,7,138,SOCIAL HOUSING
1957,84,8,68,PRIVATE
1994,88,6,106,SOCIAL HOUSING
1971,86,7,38,PRIVATE
1962,79,7,147,TCHC
1970,95,16,202,PRIVATE
1971,90,5,34,PRIVATE
1956,94,5,51,PRIVATE
1956,96,5,61,PRIVATE
1959,88,4,37,PRIVATE
1955,91,4,36,PRIVATE
1960,92,3,18,PRIVATE
1967,89,17,201,PRIVATE
1967,92,17,201,PRIVATE
1968,96,10,118,PRIVATE
1960,57,4,18,PRIVATE
1968,93,5,53,PRIVATE
1992,97,9,133,SOCIAL HOUSING
1967,92,13,174,PRIVATE
1985,86,3,39,SOCIAL HOUSING
1985,93,3,41,SOCIAL HOUSING
1965,92,11,81,PRIVATE
1956,83,4,45,PRIVATE
1953,80,4,42,PRIVATE
1956,87,4,22,PRIVATE
1962,89,4,23,PRIVATE
1959,84,4,23,PRIVATE
1954,98,4,16,PRIVATE
1967,87,3,12,PRIVATE
1992,96,8,128,SOCIAL HOUSING
1968,81,5,40,PRIVATE
1965,81,13,153,PRIVATE
1968,77,7,154,PRIVATE
1978,89,23,228,PRIVATE
1978,89,23,227,PRIVATE
1976,94,23,416,PRIVATE
1976,91,19,343,PRIVATE
1978,87,18,325,PRIVATE
1973,83,16,156,PRIVATE
1971,78,12,180,PRIVATE
1982,94,15,259,SOCIAL HOUSING
1979,97,12,211,PRIVATE
1963,88,7,118,PRIVATE
1964,93,7,118,PRIVATE
1963,79,7,118,PRIVATE
1959,93,4,88,PRIVATE
1957,99,4,38,PRIVATE
1957,99,4,38,PRIVATE
1959,99,4,38,PRIVATE
1954,78,4,28,PRIVATE
1961,85,4,36,PRIVATE
1960,93,10,133,PRIVATE
1960,92,10,133,PRIVATE
1967,95,8,132,PRIVATE
1958,77,4,86,PRIVATE
1960,76,4,47,PRIVATE
1959,77,4,87,PRIVATE
1970,81,4,23,PRIVATE
1951,80,3,22,PRIVATE
1961,96,9,151,PRIVATE
1958,91,3,45,PRIVATE
1955,80,3,21,PRIVATE
1955,70,4,42,PRIVATE
1970,86,4,44,PRIVATE
1952,92,3,37,PRIVATE
1952,96,3,34,PRIVATE
1952,94,4,61,PRIVATE
1952,93,6,110,PRIVATE
1955,84,4,46,PRIVATE
1952,94,3,75,PRIVATE
1952,96,3,55,PRIVATE
1952,92,4,26,PRIVATE
1952,87,4,26,PRIVATE
1952,92,4,26,PRIVATE
1952,89,4,26,PRIVATE
1952,88,4,26,PRIVATE
1952,87,4,26,PRIVATE
1952,91,4,14,PRIVATE
1960,90,4,15,PRIVATE
1953,96,8,111,PRIVATE
1955,87,4,16,PRIVATE
1955,97,4,17,PRIVATE
1955,86,4,27,PRIVATE
1960,89,4,30,PRIVATE
1980,89,9,148,TCHC
1960,79,3,11,PRIVATE
1958,84,3,18,PRIVATE
1959,95,5,35,PRIVATE
1966,98,8,52,PRIVATE
1983,94,5,64,TCHC
1958,89,3,26,PRIVATE
1958,93,3,26,PRIVATE
1969,80,4,36,PRIVATE
1979,83,3,26,PRIVATE
1985,75,3,30,PRIVATE
1992,94,4,138,PRIVATE
2003,98,3,20,SOCIAL HOUSING
1973,76,21,352,PRIVATE
1993,71,3,20,TCHC
1957,92,17,157,PRIVATE
1957,92,17,157,PRIVATE
1957,93,17,173,PRIVATE
1957,92,18,235,PRIVATE
1957,95,17,235,PRIVATE
1953,88,5,65,PRIVATE
1965,83,10,129,PRIVATE
1993,89,5,68,SOCIAL HOUSING
1954,87,4,31,PRIVATE
1960,73,3,12,PRIVATE
1960,87,3,12,PRIVATE
1960,91,3,11,PRIVATE
1958,98,6,64,PRIVATE
1962,89,7,69,PRIVATE
1954,91,4,77,PRIVATE
1958,91,4,65,PRIVATE
1961,77,14,251,PRIVATE
1960,89,6,43,PRIVATE
1964,43,7,103,PRIVATE
2007,92,4,25,SOCIAL HOUSING
1978,90,10,194,TCHC
1962,89,4,15,PRIVATE
1965,90,3,22,PRIVATE
1959,92,3,24,PRIVATE
1958,90,3,20,PRIVATE
1958,84,3,21,PRIVATE
1958,97,7,114,PRIVATE
1960,95,7,95,PRIVATE
1978,99,8,179,SOCIAL HOUSING
1967,87,12,138,PRIVATE
1969,88,4,67,PRIVATE
1967,89,4,48,PRIVATE
1962,96,15,173,PRIVATE
1965,98,15,225,PRIVATE
1963,99,15,172,PRIVATE
1980,89,16,128,TCHC
1969,70,3,26,PRIVATE
1968,90,25,460,TCHC
1967,97,5,25,PRIVATE
1992,80,4,10,SOCIAL HOUSING
1978,88,9,186,TCHC
1956,84,4,14,PRIVATE
1973,99,21,266,PRIVATE
1970,92,30,483,PRIVATE
2017,100,14,179,PRIVATE
1970,96,24,371,PRIVATE
1970,96,20,313,PRIVATE
1969,92,25,401,PRIVATE
1965,80,3,18,PRIVATE
1994,75,4,14,SOCIAL HOUSING
1970,87,14,246,PRIVATE
1966,45,14,305,PRIVATE
1958,94,4,67,PRIVATE
1959,75,4,66,PRIVATE
1960,64,4,62,PRIVATE
1953,65,4,46,PRIVATE
1959,94,4,43,PRIVATE
1959,69,6,84,PRIVATE
1959,90,6,65,PRIVATE
1979,89,16,249,PRIVATE
1960,90,9,151,PRIVATE
2013,90,7,62,PRIVATE
1981,84,7,247,TCHC
1967,89,13,59,PRIVATE
1965,98,17,95,PRIVATE
1970,94,4,13,PRIVATE
1969,89,12,137,PRIVATE
2007,77,3,14,SOCIAL HOUSING
1969,95,10,100,PRIVATE
1964,92,12,180,PRIVATE
1983,91,15,255,TCHC
1960,75,3,26,PRIVATE
1958,75,3,17,PRIVATE
1976,92,22,575,PRIVATE
1959,95,4,77,PRIVATE
1963,93,12,141,PRIVATE
1962,86,6,63,PRIVATE
1970,82,5,60,PRIVATE
1963,82,10,111,PRIVATE
1964,89,6,55,PRIVATE
1963,92,13,123,PRIVATE
1964,92,15,171,PRIVATE
1967,91,16,181,PRIVATE
1968,92,6,49,PRIVATE
1964,93,16,225,PRIVATE
1968,81,16,178,PRIVATE
1962,82,6,55,PRIVATE
1961,82,6,55,PRIVATE
1969,80,10,95,PRIVATE
1960,74,25,333,PRIVATE
1966,91,6,70,PRIVATE
1960,93,4,40,PRIVATE
1960,91,4,43,PRIVATE
1959,99,4,61,PRIVATE
1959,97,4,61,PRIVATE
1958,95,6,66,PRIVATE
1960,88,6,49,PRIVATE
1971,83,19,226,PRIVATE
1968,90,14,170,PRIVATE
1980,95,6,397,TCHC
1970,96,16,168,PRIVATE
1985,94,5,53,SOCIAL HOUSING
1986,94,8,254,TCHC
2012,97,8,44,SOCIAL HOUSING
1995,96,8,134,SOCIAL HOUSING
1992,95,9,125,SOCIAL HOUSING
1958,74,4,87,PRIVATE
1951,75,3,11,PRIVATE
1960,70,3,18,PRIVATE
1967,93,20,356,PRIVATE
2008,91,3,19,PRIVATE
1989,94,7,138,TCHC
1955,98,5,111,PRIVATE
1965,97,9,70,PRIVATE
1973,91,7,68,PRIVATE
1958,85,7,66,PRIVATE
2010,83,4,29,SOCIAL HOUSING
1996,93,6,81,SOCIAL HOUSING
1954,81,3,26,PRIVATE
1970,75,14,137,PRIVATE
1970,92,14,109,PRIVATE
1971,73,4,32,PRIVATE
1967,90,16,135,TCHC
1964,97,14,251,PRIVATE
1980,93,7,114,TCHC
1984,87,8,200,SOCIAL HOUSING
2021,99,13,152,PRIVATE
2021,100,10,198,PRIVATE
1967,84,13,112,SOCIAL HOUSING
1971,93,15,113,PRIVATE
1959,64,4,28,PRIVATE
1959,68,4,18,PRIVATE
1997,75,16,144,SOCIAL HOUSING
1960,58,3,15,PRIVATE
1968,90,18,287,PRIVATE
1991,99,10,202,SOCIAL HOUSING
1983,89,14,258,SOCIAL HOUSING
1968,91,28,218,PRIVATE
2007,100,22,278,PRIVATE
1960,98,11,148,PRIVATE
1969,95,7,75,PRIVATE
1995,91,15,138,SOCIAL HOUSING
1973,72,11,241,PRIVATE
1980,90,7,155,TCHC
1991,87,4,29,SOCIAL HOUSING
2012,85,5,32,SOCIAL HOUSING
1991,97,4,37,SOCIAL HOUSING
1973,97,4,29,TCHC
1960,89,4,81,TCHC
1958,65,3,12,PRIVATE
1986,89,7,149,SOCIAL HOUSING
1959,82,6,106,TCHC
2016,96,8,95,PRIVATE
1976,93,29,457,PRIVATE
1976,94,29,638,PRIVATE
1997,92,6,30,SOCIAL HOUSING
1992,86,6,21,SOCIAL HOUSING
1960,80,3,16,PRIVATE
2021,97,7,131,PRIVATE
1972,92,10,153,TCHC
1972,91,10,132,TCHC
1990,91,12,208,SOCIAL HOUSING
1972,97,8,69,TCHC
1955,99,4,23,PRIVATE
1969,99,18,110,PRIVATE
1971,94,20,109,PRIVATE
1973,95,4,41,PRIVATE
1970,99,12,134,PRIVATE
1955,98,4,38,PRIVATE
1993,98,7,83,TCHC
1993,96,7,57,TCHC
1956,86,3,75,TCHC
1965,92,20,357,PRIVATE
1963,89,10,205,PRIVATE
1956,88,4,86,PRIVATE
1954,87,4,52,TCHC
1970,81,6,39,PRIVATE
1969,94,21,254,PRIVATE
1968,93,15,124,PRIVATE
1967,93,20,148,PRIVATE
2001,99,8,44,PRIVATE
1967,93,4,41,PRIVATE
1970,78,7,47,PRIVATE
1965,84,3,19,PRIVATE
1964,78,4,38,PRIVATE
1964,83,4,44,PRIVATE
1965,82,4,76,PRIVATE
1965,91,4,57,PRIVATE
1966,84,4,48,PRIVATE
1966,87,4,38,PRIVATE
1964,93,19,185,PRIVATE
1964,85,15,121,PRIVATE
1954,92,3,22,PRIVATE
1962,97,5,24,PRIVATE
1960,81,9,63,PRIVATE
1982,88,22,238,PRIVATE
1974,95,24,163,PRIVATE
1959,85,5,42,PRIVATE
1959,94,5,42,PRIVATE
1977,85,4,40,PRIVATE
1970,80,3,20,PRIVATE
1960,85,4,28,PRIVATE
1968,60,4,24,PRIVATE
1968,87,12,141,PRIVATE
1968,73,10,112,PRIVATE
1967,94,21,275,PRIVATE
1967,96,21,275,PRIVATE
1960,90,18,202,PRIVATE
1962,94,21,117,PRIVATE
1962,96,21,117,PRIVATE
1959,95,21,237,PRIVATE
1967,91,25,329,PRIVATE
1973,84,20,275,TCHC
1970,88,15,195,PRIVATE
1971,92,15,195,PRIVATE
1974,95,15,196,PRIVATE
1974,87,15,197,PRIVATE
1979,85,16,216,PRIVATE
1994,91,12,154,SOCIAL HOUSING
2010,94,12,110,TCHC
1973,82,23,375,PRIVATE
1960,92,11,92,PRIVATE
1988,90,4,25,SOCIAL HOUSING
1962,92,7,101,PRIVATE
1962,83,7,101,PRIVATE
1962,99,12,154,PRIVATE
1964,91,14,157,PRIVATE
1964,95,7,103,PRIVATE
1964,92,7,104,PRIVATE
1965,92,6,69,PRIVATE
1966,87,4,234,PRIVATE
1965,87,12,164,PRIVATE
1969,85,4,83,PRIVATE
1965,94,12,164,PRIVATE
1955,80,3,17,PRIVATE
1955,98,4,26,PRIVATE
1956,94,5,56,PRIVATE
1959,75,4,44,PRIVATE
1959,83,5,64,PRIVATE
1965,98,3,17,PRIVATE
1968,82,9,218,PRIVATE
1992,94,6,100,TCHC
1977,93,7,300,TCHC
1961,79,10,86,PRIVATE
1965,92,12,117,PRIVATE
1965,84,13,132,PRIVATE
1967,83,13,207,PRIVATE
1972,81,23,466,PRIVATE
1972,77,23,262,PRIVATE
1972,79,23,263,PRIVATE
1974,84,28,223,PRIVATE
1967,95,8,74,PRIVATE
1961,78,8,111,PRIVATE
1961,87,8,110,PRIVATE
1972,90,51,793,PRIVATE
1981,88,32,147,PRIVATE
1977,96,21,250,PRIVATE
1987,86,15,144,TCHC
2012,100,20,210,PRIVATE
1970,96,14,189,PRIVATE
1962,90,4,20,PRIVATE
1952,76,3,12,PRIVATE
1965,89,4,15,PRIVATE
1996,83,13,115,TCHC
1963,83,10,63,PRIVATE
1965,71,6,41,PRIVATE
2005,97,28,388,PRIVATE
1958,23,3,17,PRIVATE
1994,56,3,18,SOCIAL HOUSING
1960,82,3,30,PRIVATE
1955,86,3,19,PRIVATE
1967,97,5,64,PRIVATE
1960,85,4,25,PRIVATE
1955,87,4,43,PRIVATE
1951,92,4,37,PRIVATE
1951,91,4,37,PRIVATE
1951,83,4,37,PRIVATE
1951,92,4,47,PRIVATE
1951,83,4,36,PRIVATE
1958,90,3,35,PRIVATE
1981,98,7,195,PRIVATE
1989,91,7,157,TCHC
1970,57,3,12,PRIVATE
1992,96,3,17,PRIVATE
1972,92,14,206,PRIVATE
1970,91,14,206,PRIVATE
1971,86,23,293,PRIVATE
1968,89,3,17,PRIVATE
1959,85,4,24,PRIVATE
1993,84,6,48,TCHC
1989,82,6,174,SOCIAL HOUSING
1989,85,5,128,TCHC
1958,78,4,33,PRIVATE
1957,92,4,81,PRIVATE
1955,80,3,47,PRIVATE
2022,99,9,61,PRIVATE
1963,92,7,81,PRIVATE
1963,90,8,66,PRIVATE
1964,88,8,133,PRIVATE
2016,98,12,145,SOCIAL HOUSING
1973,96,37,285,PRIVATE
1977,85,13,184,PRIVATE
1963,94,3,30,PRIVATE
1962,97,22,129,PRIVATE
1965,92,5,26,PRIVATE
1965,97,12,173,PRIVATE
1973,91,12,155,PRIVATE
1970,98,15,84,PRIVATE
1986,82,11,86,PRIVATE
1961,98,7,140,PRIVATE
1960,95,10,73,PRIVATE
1955,94,3,36,PRIVATE
1960,98,4,30,PRIVATE
1956,89,6,48,PRIVATE
1960,81,3,17,PRIVATE
1965,96,15,82,PRIVATE
1958,93,4,29,PRIVATE
1962,93,12,153,PRIVATE
1965,96,4,30,PRIVATE
1960,88,6,37,PRIVATE
1959,89,6,47,PRIVATE
1967,86,12,160,PRIVATE
1968,91,4,33,PRIVATE
1965,89,8,95,PRIVATE
1959,98,6,38,PRIVATE
2004,87,6,32,SOCIAL HOUSING
1955,97,6,40,PRIVATE
1959,97,3,22,PRIVATE
1965,80,17,193,PRIVATE
1965,93,21,236,PRIVATE
1953,87,4,26,PRIVATE
1983,99,8,127,SOCIAL HOUSING
1995,86,3,13,SOCIAL HOUSING
1989,95,4,14,SOCIAL HOUSING
2003,92,3,44,SOCIAL HOUSING
2002,97,3,30,SOCIAL HOUSING
1990,99,3,11,SOCIAL HOUSING
1956,89,4,30,PRIVATE
1955,90,4,36,PRIVATE
1960,89,4,32,PRIVATE
1958,88,4,27,PRIVATE
1956,90,4,38,PRIVATE
1955,90,4,36,PRIVATE
1955,94,4,30,PRIVATE
1955,94,4,30,PRIVATE
1971,88,29,584,PRIVATE
1971,83,29,587,PRIVATE
1971,88,10,159,PRIVATE
1952,96,4,33,PRIVATE
1960,90,6,62,PRIVATE
1956,91,5,32,PRIVATE
1954,92,4,37,PRIVATE
1954,93,4,37,PRIVATE
1958,85,4,35,PRIVATE
1962,91,4,35,PRIVATE
1955,87,5,60,PRIVATE
1953,80,5,26,PRIVATE
1953,90,5,26,PRIVATE
1954,93,5,110,PRIVATE
1996,93,4,53,SOCIAL HOUSING
1970,95,4,246,TCHC
1967,96,13,175,PRIVATE
1966,87,4,112,PRIVATE
1980,93,4,91,SOCIAL HOUSING
1985,62,3,24,PRIVATE
1985,85,4,71,PRIVATE
1960,82,3,10,PRIVATE
1973,85,3,12,PRIVATE
2012,85,41,298,TCHC
1978,96,5,131,TCHC
2002,93,3,26,SOCIAL HOUSING
1988,87,4,109,TCHC
1991,97,6,126,SOCIAL HOUSING
1988,82,7,48,SOCIAL HOUSING
1970,87,23,335,PRIVATE
1966,90,7,68,PRIVATE
1965,91,3,18,PRIVATE
1969,94,11,323,TCHC
1983,92,10,77,SOCIAL HOUSING
1964,93,16,299,TCHC
1964,80,15,300,TCHC
1964,84,16,300,TCHC
2008,92,12,264,PRIVATE
1978,84,9,153,PRIVATE
1991,93,12,53,TCHC
1957,68,3,10,PRIVATE
1952,85,3,12,PRIVATE
1958,86,4,40,PRIVATE
1958,86,4,40,PRIVATE
1960,85,4,60,PRIVATE
2019,92,27,301,PRIVATE
2021,100,26,440,PRIVATE
1984,98,13,128,SOCIAL HOUSING
2022,100,36,286,PRIVATE
2021,99,16,166,PRIVATE
1971,94,24,334,PRIVATE
1959,85,7,62,PRIVATE
1972,97,6,103,SOCIAL HOUSING
2007,92,8,55,PRIVATE
1965,87,11,75,PRIVATE
1963,92,11,157,PRIVATE
2009,89,5,91,PRIVATE
1969,83,23,216,PRIVATE
1967,95,22,141,PRIVATE
1962,82,4,24,PRIVATE
1959,83,6,54,PRIVATE
1965,93,6,54,PRIVATE
1960,88,7,80,PRIVATE
2017,92,8,46,PRIVATE
1962,86,5,56,PRIVATE
1960,88,9,72,PRIVATE
1952,96,6,56,PRIVATE
1974,91,7,57,TCHC
1962,82,5,41,PRIVATE
1965,83,12,122,PRIVATE
1959,86,5,20,PRIVATE
1973,90,15,206,PRIVATE
1967,97,20,185,PRIVATE
1970,89,27,307,PRIVATE
1955,42,4,36,PRIVATE
1983,94,5,127,SOCIAL HOUSING
1960,73,4,31,PRIVATE
1955,95,4,34,PRIVATE
1960,97,3,12,PRIVATE
1960,87,3,12,PRIVATE
1960,79,3,12,PRIVATE
1952,80,3,12,PRIVATE
1960,80,3,12,PRIVATE
1960,80,3,12,PRIVATE
1960,81,3,12,PRIVATE
1956,80,4,15,PRIVATE
1956,89,4,16,PRIVATE
1952,90,3,16,PRIVATE
1952,89,3,16,PRIVATE
1952,90,3,16,PRIVATE
1968,91,4,30,PRIVATE
1970,88,8,94,TCHC
1968,89,9,97,TCHC
1953,98,4,22,SOCIAL HOUSING
1964,88,6,88,PRIVATE
1965,92,7,55,PRIVATE
1970,92,4,45,PRIVATE
1959,86,4,49,PRIVATE
1960,94,5,49,PRIVATE
1969,100,24,168,PRIVATE
1989,89,3,14,PRIVATE
1956,88,3,12,PRIVATE
1982,88,7,130,SOCIAL HOUSING
1986,94,8,97,SOCIAL HOUSING
1957,76,3,16,PRIVATE
1951,51,3,11,PRIVATE
1974,81,18,275,PRIVATE
1968,91,17,278,PRIVATE
1967,64,9,325,PRIVATE
1967,85,17,297,PRIVATE
1964,98,4,56,PRIVATE
1964,85,4,56,PRIVATE
1964,95,4,56,PRIVATE
1962,83,10,331,PRIVATE
1960,81,12,130,PRIVATE
1968,80,7,48,PRIVATE
1952,87,7,48,PRIVATE
1962,83,7,48,PRIVATE
1960,94,7,62,PRIVATE
1956,90,9,52,PRIVATE
1964,79,8,58,PRIVATE
1967,78,10,105,PRIVATE
1968,63,11,105,PRIVATE
1957,91,8,68,PRIVATE
1955,78,9,91,PRIVATE
1969,87,11,64,PRIVATE
1958,86,10,63,PRIVATE
1965,86,9,88,PRIVATE
1971,76,10,74,PRIVATE
1967,88,15,85,PRIVATE
1994,84,5,35,TCHC
1980,95,4,50,TCHC
1965,92,25,260,PRIVATE
1982,82,15,256,PRIVATE
1980,92,12,54,TCHC
2017,100,26,248,PRIVATE
1953,88,4,15,PRIVATE
1953,83,4,37,PRIVATE
1953,96,4,15,PRIVATE
1951,76,3,12,PRIVATE
1959,75,3,16,SOCIAL HOUSING
1959,85,3,14,PRIVATE
1959,88,3,16,PRIVATE
1970,96,15,194,PRIVATE
1969,82,22,167,PRIVATE
1966,81,16,194,PRIVATE
1969,81,15,100,PRIVATE
1972,92,4,120,PRIVATE
1973,75,17,356,PRIVATE
1966,84,24,284,PRIVATE
1959,94,4,26,PRIVATE
1955,96,5,31,PRIVATE
1960,86,4,24,PRIVATE
1954,94,4,44,PRIVATE
1954,99,6,13,PRIVATE
1954,86,4,44,PRIVATE
1960,95,5,48,PRIVATE
1960,94,3,10,PRIVATE
1970,91,13,176,PRIVATE
1963,84,6,100,PRIVATE
1977,91,13,153,PRIVATE
1967,92,14,151,PRIVATE
1974,95,14,350,TCHC
1974,91,7,84,PRIVATE
1957,96,3,31,TCHC
2019,76,4,30,SOCIAL HOUSING
1957,85,4,30,TCHC
1957,98,4,30,TCHC
1969,94,6,100,PRIVATE
1965,86,6,106,PRIVATE
1969,97,11,129,PRIVATE
1969,92,11,129,PRIVATE
1990,80,8,50,TCHC
2003,81,10,103,PRIVATE
1970,95,13,525,PRIVATE
1969,82,19,365,PRIVATE
1973,95,15,141,PRIVATE
1972,89,20,234,PRIVATE
1967,99,18,139,PRIVATE
1965,91,28,214,PRIVATE
1967,72,18,231,PRIVATE
1951,89,4,12,PRIVATE
1957,87,4,90,PRIVATE
1992,87,8,111,SOCIAL HOUSING
2006,83,3,54,TCHC
1961,96,3,25,TCHC
1953,86,4,14,PRIVATE
1957,96,3,52,PRIVATE
1960,85,5,45,PRIVATE
1958,96,4,44,PRIVATE
1958,95,4,50,PRIVATE
1961,92,7,58,PRIVATE
1958,94,4,50,PRIVATE
1955,86,4,35,PRIVATE
1957,87,4,23,PRIVATE
1957,91,4,21,PRIVATE
1963,96,9,113,PRIVATE
1962,96,13,111,PRIVATE
1963,95,9,113,PRIVATE
1962,99,12,101,PRIVATE
1960,98,3,64,PRIVATE
1960,90,3,64,PRIVATE
1960,78,3,39,PRIVATE
1964,96,13,128,PRIVATE
1965,94,12,117,PRIVATE
2019,93,36,466,PRIVATE
1989,85,11,81,PRIVATE
1961,88,14,211,PRIVATE
1973,98,20,129,PRIVATE
1963,91,12,125,PRIVATE
1964,90,13,228,PRIVATE
1964,95,15,83,PRIVATE
1963,96,11,91,PRIVATE
1970,88,12,224,PRIVATE
2015,99,16,221,PRIVATE
1990,87,9,207,TCHC
1967,84,4,38,PRIVATE
1977,91,11,200,SOCIAL HOUSING
1967,71,4,22,PRIVATE
1969,71,3,22,PRIVATE
1960,84,4,39,PRIVATE
1964,91,15,239,PRIVATE
1956,89,4,25,PRIVATE
1955,93,9,99,PRIVATE
1969,92,28,216,PRIVATE
1969,91,23,245,PRIVATE
1954,96,4,21,PRIVATE
1963,93,9,91,PRIVATE
1965,87,9,104,PRIVATE
1958,96,8,138,PRIVATE
1959,90,5,87,PRIVATE
1988,94,9,125,SOCIAL HOUSING
1953,90,6,52,PRIVATE
1965,96,9,64,PRIVATE
1960,64,9,56,PRIVATE
1960,92,7,39,PRIVATE
1965,84,3,26,PRIVATE
1959,80,7,39,PRIVATE
1955,95,7,36,PRIVATE
1974,87,17,253,TCHC
1960,96,5,62,PRIVATE
1974,84,5,31,PRIVATE
1972,97,9,110,PRIVATE
1969,70,7,72,PRIVATE
1960,90,7,71,PRIVATE
2005,96,7,89,PRIVATE
1960,94,3,11,PRIVATE
1955,90,3,11,PRIVATE
1957,84,3,11,PRIVATE
1955,89,3,11,PRIVATE
1955,84,3,11,PRIVATE
1956,82,3,11,PRIVATE
1951,83,3,11,PRIVATE
1953,76,3,11,PRIVATE
1955,92,3,11,PRIVATE
1955,89,3,11,PRIVATE
1954,72,3,11,PRIVATE
1954,84,3,11,PRIVATE
1966,81,12,248,PRIVATE
1966,81,12,243,PRIVATE
1957,88,6,60,PRIVATE
1951,98,5,72,PRIVATE
1972,98,16,307,TCHC
1965,96,6,60,PRIVATE
1960,91,6,60,PRIVATE
1963,95,10,122,PRIVATE
1963,95,10,90,PRIVATE
1963,91,10,91,PRIVATE
1964,98,13,162,PRIVATE
1995,94,4,108,SOCIAL HOUSING
1962,87,7,72,PRIVATE
1967,88,13,155,PRIVATE
1968,95,13,155,PRIVATE
1968,95,14,189,PRIVATE
1986,96,18,107,PRIVATE
1967,83,4,28,PRIVATE
1952,86,3,11,PRIVATE
1960,82,4,16,PRIVATE
1975,87,3,36,PRIVATE
1955,91,4,29,PRIVATE
1955,96,4,22,PRIVATE
1968,92,20,226,PRIVATE
1969,83,16,267,PRIVATE
1957,92,4,18,PRIVATE
1959,99,4,18,PRIVATE
1954,93,5,32,PRIVATE
1958,97,3,23,PRIVATE
1958,81,3,16,PRIVATE
1985,81,3,20,TCHC
2015,96,9,83,TCHC
2013,92,10,155,TCHC
2009,91,8,61,TCHC
2009,91,22,159,TCHC
1956,95,3,11,PRIVATE
1955,73,4,34,PRIVATE
2023,99,21,233,PRIVATE
1977,92,34,428,PRIVATE
1965,88,5,86,PRIVATE
1966,88,3,24,PRIVATE
1990,94,5,90,TCHC
1979,90,20,238,PRIVATE
1979,89,20,238,PRIVATE
1953,91,4,26,PRIVATE
1954,87,3,26,PRIVATE
1952,94,3,10,PRIVATE
1960,96,3,28,PRIVATE
1960,98,3,36,PRIVATE
1960,87,3,36,PRIVATE
1982,91,9,251,TCHC
1960,97,12,200,PRIVATE
1968,93,16,224,PRIVATE
1969,98,14,129,PRIVATE
1970,95,12,106,PRIVATE
1994,89,11,128,TCHC
1970,86,3,14,TCHC
1971,84,4,14,TCHC
1995,83,3,17,SOCIAL HOUSING
1961,81,6,25,TCHC
1955,85,4,23,PRIVATE
1971,88,22,303,PRIVATE
1959,96,5,99,PRIVATE
1959,96,4,100,PRIVATE
1959,93,4,71,PRIVATE
1959,98,5,71,PRIVATE
2018,100,51,503,PRIVATE
1967,94,4,60,PRIVATE
1970,88,10,79,PRIVATE
1970,83,4,53,PRIVATE
1966,86,4,44,PRIVATE
1970,90,22,370,PRIVATE
2005,98,4,92,SOCIAL HOUSING
1965,98,11,138,PRIVATE
1960,87,7,78,PRIVATE
1962,89,7,78,PRIVATE
1963,98,11,155,PRIVATE
1960,96,4,52,PRIVATE
1968,94,18,139,PRIVATE
1967,90,17,180,PRIVATE
1989,76,9,200,SOCIAL HOUSING
1966,87,3,32,SOCIAL HOUSING
1965,85,15,187,PRIVATE
1982,98,7,76,SOCIAL HOUSING
1960,93,6,74,PRIVATE
1970,87,19,128,PRIVATE
1970,49,18,128,PRIVATE
1958,94,4,35,PRIVATE
1969,92,15,149,PRIVATE
2010,96,7,74,PRIVATE
2010,97,7,74,PRIVATE
1970,73,17,219,PRIVATE
1968,86,4,52,PRIVATE
1969,70,4,37,PRIVATE
1975,94,13,300,TCHC
1969,77,10,106,PRIVATE
1960,89,14,154,PRIVATE
1965,80,12,83,PRIVATE
1966,88,12,112,PRIVATE
1961,94,13,144,PRIVATE
1960,86,4,40,PRIVATE
1960,93,3,40,PRIVATE
1968,91,7,181,PRIVATE
2008,87,4,27,TCHC
1972,90,20,266,PRIVATE
1967,93,15,204,PRIVATE
1973,92,16,301,TCHC
1975,99,17,371,PRIVATE
1978,83,7,174,TCHC
1975,80,23,225,PRIVATE
1988,86,6,60,SOCIAL HOUSING
1975,92,7,200,TCHC
1955,97,4,23,PRIVATE
1975,75,4,102,TCHC
1974,77,13,121,PRIVATE
1960,100,7,67,PRIVATE
1963,81,10,128,PRIVATE
2008,79,11,112,SOCIAL HOUSING
1967,98,14,95,PRIVATE
1977,90,30,300,PRIVATE
1978,97,30,292,PRIVATE
2018,98,43,369,PRIVATE
1978,82,30,514,PRIVATE
1967,89,17,216,PRIVATE
2015,97,7,95,PRIVATE
1967,92,17,216,PRIVATE
2006,90,14,232,PRIVATE
2017,95,20,188,PRIVATE
1970,95,18,287,PRIVATE
2013,99,8,105,PRIVATE
1962,83,7,81,TCHC
1965,91,7,87,PRIVATE
1962,93,6,65,PRIVATE
1962,97,7,78,PRIVATE
1963,95,6,65,PRIVATE
1962,81,7,81,PRIVATE
1962,85,6,65,PRIVATE
1962,92,6,85,PRIVATE
1994,92,7,68,SOCIAL HOUSING
1989,79,3,10,SOCIAL HOUSING
1969,99,22,568,PRIVATE
1964,82,15,239,PRIVATE
1966,84,7,92,TCHC
2012,97,10,240,PRIVATE
1953,97,4,50,PRIVATE
1964,93,3,50,PRIVATE
1965,88,7,96,PRIVATE
1972,81,7,96,SOCIAL HOUSING
1968,79,17,352,TCHC
1960,82,3,11,PRIVATE
1960,78,3,10,PRIVATE
1960,91,3,11,PRIVATE
1951,77,3,12,PRIVATE
1990,76,3,15,SOCIAL HOUSING
1973,88,11,102,PRIVATE
1964,83,3,54,TCHC
1958,84,3,26,PRIVATE
1972,98,21,329,PRIVATE
1972,91,18,280,PRIVATE
1972,98,17,267,PRIVATE
1955,92,4,30,PRIVATE
1955,95,4,26,PRIVATE
1993,94,4,72,SOCIAL HOUSING
1975,96,13,293,TCHC
1974,91,18,252,PRIVATE
1970,85,3,34,TCHC
1959,94,3,12,PRIVATE
1963,94,3,11,PRIVATE
1969,56,4,29,PRIVATE
1969,92,32,163,PRIVATE
1969,92,32,163,PRIVATE
1959,87,10,59,PRIVATE
2005,92,10,232,PRIVATE
1991,85,4,46,SOCIAL HOUSING
1968,83,23,193,PRIVATE
1968,85,19,149,PRIVATE
2019,94,8,115,PRIVATE
1994,81,10,82,SOCIAL HOUSING
2020,92,25,264,PRIVATE
1969,84,21,330,PRIVATE
1984,98,6,44,TCHC
1988,85,3,36,SOCIAL HOUSING
1993,94,5,177,SOCIAL HOUSING
1995,92,5,40,TCHC
1988,90,4,34,SOCIAL HOUSING
1990,67,4,25,SOCIAL HOUSING
1965,71,3,21,PRIVATE
1975,78,3,18,PRIVATE
1957,82,3,17,PRIVATE
1970,97,6,24,PRIVATE
1970,84,3,11,PRIVATE
1954,95,4,30,PRIVATE
1954,93,4,16,PRIVATE
1954,95,4,15,PRIVATE
1954,92,4,15,PRIVATE
1954,93,4,15,PRIVATE
1954,96,4,15,PRIVATE
1954,94,4,15,PRIVATE
1954,93,4,15,PRIVATE
1996,81,3,22,SOCIAL HOUSING
1994,84,16,204,TCHC
1987,98,19,228,PRIVATE
1987,98,21,289,PRIVATE
1988,80,6,106,TCHC
1990,82,7,73,TCHC
1970,77,7,33,PRIVATE
1967,85,9,101,PRIVATE
1960,85,7,61,PRIVATE
1960,96,4,16,PRIVATE
1967,86,13,230,PRIVATE
1965,93,6,34,PRIVATE
1967,86,23,175,PRIVATE
1963,90,9,175,PRIVATE
1960,65,3,12,PRIVATE
1967,90,3,11,PRIVATE
1957,83,3,12,PRIVATE
1957,81,3,12,PRIVATE
1957,82,3,12,PRIVATE
1994,92,6,95,TCHC
1992,94,9,176,TCHC
1992,92,7,121,TCHC
1959,93,4,74,PRIVATE
1955,94,4,30,PRIVATE
1955,96,4,26,PRIVATE
1959,85,4,28,PRIVATE
1955,94,4,33,PRIVATE
1952,90,7,80,PRIVATE
1959,90,4,36,PRIVATE
1962,88,8,63,TCHC
1968,93,16,178,PRIVATE
1965,90,16,186,PRIVATE
1969,89,14,93,PRIVATE
1955,99,4,31,PRIVATE
1965,81,17,148,PRIVATE
2022,97,39,349,PRIVATE
2008,96,8,72,PRIVATE
1955,99,8,104,PRIVATE
1996,90,4,80,SOCIAL HOUSING
1960,85,7,110,PRIVATE
1967,91,18,315,PRIVATE
1966,86,4,31,PRIVATE
1965,79,4,24,PRIVATE
1984,88,23,364,PRIVATE
1980,90,23,318,PRIVATE
2011,95,22,236,PRIVATE
1972,79,11,126,PRIVATE
1968,82,12,142,PRIVATE
1960,92,12,92,PRIVATE
1971,93,12,88,PRIVATE
1970,77,7,136,PRIVATE
1972,85,7,136,PRIVATE
1962,84,4,70,PRIVATE
1981,96,7,53,SOCIAL HOUSING
2008,98,4,56,TCHC
1965,84,4,30,PRIVATE
1962,96,11,138,PRIVATE
1964,91,12,117,PRIVATE
1978,78,3,36,PRIVATE
1960,91,8,43,PRIVATE
1991,91,11,139,TCHC
1994,95,4,61,SOCIAL HOUSING
1965,99,15,207,PRIVATE
1993,95,5,130,SOCIAL HOUSING
2019,91,17,146,PRIVATE
1980,85,5,37,TCHC
1960,81,3,42,TCHC
1980,85,10,167,TCHC
1999,96,5,38,PRIVATE
1965,92,10,109,PRIVATE
1962,87,4,47,PRIVATE
1959,95,5,87,PRIVATE
1959,96,5,87,PRIVATE
1965,100,3,23,PRIVATE
1967,79,13,149,PRIVATE
1965,88,5,115,PRIVATE
2005,95,3,30,SOCIAL HOUSING
1960,81,6,77,PRIVATE
1960,96,6,77,PRIVATE
1955,94,6,82,PRIVATE
1960,82,6,76,PRIVATE
1974,96,19,225,PRIVATE
1960,89,3,17,PRIVATE
1960,82,3,22,PRIVATE
1982,96,10,150,SOCIAL HOUSING
1964,91,6,90,PRIVATE
1964,92,6,83,PRIVATE
1960,94,6,54,PRIVATE
1970,88,6,60,PRIVATE
2019,96,27,235,PRIVATE
1952,82,3,109,PRIVATE
1976,64,16,264,PRIVATE
1972,91,16,265,PRIVATE
1971,85,13,198,TCHC
1971,87,15,145,TCHC
1957,92,4,36,PRIVATE
1961,95,5,107,PRIVATE
1961,96,5,107,PRIVATE
1965,89,9,110,PRIVATE
1972,91,10,99,TCHC
1972,92,14,165,PRIVATE
1960,81,6,107,PRIVATE
1973,95,13,165,PRIVATE
1957,90,4,42,PRIVATE
1965,74,3,12,PRIVATE
1960,82,3,25,PRIVATE
1993,87,8,155,TCHC
1955,78,3,23,PRIVATE
1983,96,10,185,TCHC
1968,96,19,145,PRIVATE
2010,99,13,155,PRIVATE
1965,85,16,221,PRIVATE
1960,94,3,11,PRIVATE
1978,90,19,390,PRIVATE
1961,81,6,86,TCHC
1983,87,11,97,TCHC
1989,73,3,40,PRIVATE
1985,90,15,145,TCHC
1991,76,10,42,SOCIAL HOUSING
1957,87,4,21,PRIVATE
1965,79,4,23,PRIVATE
1951,91,3,28,PRIVATE
1980,86,12,152,TCHC
1991,98,5,126,TCHC
1993,97,13,124,TCHC
1990,93,3,10,PRIVATE
1960,66,3,12,PRIVATE
1960,83,3,12,PRIVATE
1955,99,3,11,PRIVATE
1959,92,3,34,PRIVATE
1958,80,3,11,PRIVATE
1969,86,3,11,PRIVATE
1975,98,3,11,PRIVATE
1956,84,3,11,PRIVATE
1957,79,3,12,PRIVATE
1960,79,3,10,PRIVATE
1974,85,15,171,PRIVATE
1974,84,4,48,TCHC
1974,86,4,48,TCHC
1974,74,4,48,TCHC
2021,98,8,78,SOCIAL HOUSING
1964,64,4,12,PRIVATE
1984,83,4,21,TCHC
1957,90,4,27,PRIVATE
1956,95,4,51,PRIVATE
1955,66,4,27,PRIVATE
1958,73,4,26,PRIVATE
2019,98,18,501,PRIVATE
2021,100,29,346,PRIVATE
1969,83,13,167,PRIVATE
1974,80,13,169,PRIVATE
1964,91,4,65,PRIVATE
1961,95,5,71,PRIVATE
1968,90,9,68,PRIVATE
1968,81,11,86,PRIVATE
2003,98,7,54,TCHC
1960,89,6,54,PRIVATE
1979,90,3,109,SOCIAL HOUSING
1960,70,6,56,PRIVATE
1960,66,3,18,PRIVATE
1951,83,3,12,PRIVATE
1965,78,3,18,PRIVATE
1951,96,3,12,PRIVATE
1954,83,3,18,PRIVATE
1951,85,3,12,PRIVATE
1958,93,3,12,PRIVATE
1953,70,3,12,PRIVATE
1980,84,3,12,PRIVATE
1959,86,3,12,PRIVATE
1951,70,3,11,PRIVATE
1951,67,3,12,PRIVATE
1951,79,3,13,PRIVATE
1951,82,3,12,PRIVATE
1951,84,3,12,PRIVATE
1953,89,3,11,PRIVATE
1953,86,3,11,PRIVATE
1953,84,3,11,PRIVATE
1970,83,4,16,PRIVATE
1970,91,4,32,PRIVATE
2010,95,10,84,TCHC
2012,80,4,87,SOCIAL HOUSING
1969,54,17,260,PRIVATE
1972,87,27,469,TCHC
1972,81,23,327,PRIVATE
1965,89,17,216,PRIVATE
1965,87,15,221,PRIVATE
1965,83,16,221,PRIVATE
1986,91,12,171,PRIVATE
1968,82,19,151,PRIVATE
1960,91,4,24,PRIVATE
1959,90,8,29,PRIVATE
1960,70,5,47,PRIVATE
1958,85,5,48,PRIVATE
1965,86,7,75,PRIVATE
1967,82,6,42,PRIVATE
1957,71,4,30,TCHC
1957,76,4,30,TCHC
1966,98,24,148,PRIVATE
1955,85,4,26,PRIVATE
2005,93,8,52,SOCIAL HOUSING
1965,81,19,231,PRIVATE
1967,76,14,279,PRIVATE
1967,77,14,279,PRIVATE
1976,97,17,327,PRIVATE
2021,99,24,246,PRIVATE
2021,98,31,333,PRIVATE
1959,89,3,29,PRIVATE
1955,78,4,39,PRIVATE
1955,93,8,80,PRIVATE
1955,96,4,47,PRIVATE
1955,94,4,50,PRIVATE
1992,46,4,13,SOCIAL HOUSING
1979,88,12,275,TCHC
1960,88,3,17,PRIVATE
1961,86,4,48,PRIVATE
1982,92,10,174,SOCIAL HOUSING
1979,89,5,189,TCHC
1955,96,3,32,PRIVATE
1965,92,16,230,PRIVATE
1986,97,17,243,PRIVATE
1974,93,17,204,PRIVATE
1974,90,19,222,PRIVATE
1976,95,19,223,PRIVATE
1988,99,5,77,SOCIAL HOUSING
1996,88,5,60,SOCIAL HOUSING
1981,97,8,139,TCHC
1990,54,3,15,PRIVATE
1963,89,7,97,PRIVATE
1963,94,7,97,PRIVATE
1974,96,10,283,TCHC
1957,80,6,39,PRIVATE
1953,94,4,32,PRIVATE
1955,99,5,48,PRIVATE
1954,88,7,39,PRIVATE
1971,87,10,108,PRIVATE
1971,79,8,84,PRIVATE
1971,94,8,56,PRIVATE
1976,95,7,134,PRIVATE
1967,96,12,100,PRIVATE
1976,98,8,92,PRIVATE
1959,93,5,61,PRIVATE
1990,96,6,75,SOCIAL HOUSING
1972,89,17,300,PRIVATE
1960,88,5,55,PRIVATE
1960,91,4,73,PRIVATE
1960,90,7,130,PRIVATE
1960,91,4,73,PRIVATE
1960,90,7,130,PRIVATE
2007,87,4,68,SOCIAL HOUSING
2013,99,10,177,PRIVATE
1966,94,11,82,PRIVATE
1954,92,4,22,PRIVATE
1954,84,4,22,PRIVATE
1954,88,4,22,PRIVATE
1952,93,4,39,PRIVATE
1952,82,3,27,PRIVATE
1956,94,4,22,PRIVATE
1958,96,4,25,PRIVATE
1956,95,4,22,PRIVATE
1954,94,4,32,PRIVATE
1952,90,4,29,PRIVATE
1965,94,4,23,PRIVATE
1953,94,4,23,PRIVATE
1954,94,4,50,PRIVATE
1954,86,4,30,PRIVATE
1959,90,4,14,PRIVATE
1959,94,4,14,PRIVATE
1952,90,4,13,PRIVATE
1952,92,4,13,PRIVATE
1952,94,4,13,PRIVATE
1952,90,4,13,PRIVATE
1952,91,4,13,PRIVATE
1952,89,4,13,PRIVATE
1952,89,4,13,PRIVATE
1952,93,4,15,PRIVATE
1952,93,4,14,PRIVATE
1952,92,4,14,PRIVATE
1959,95,4,56,PRIVATE
1956,92,6,44,PRIVATE
1955,95,4,48,PRIVATE
1955,95,4,77,PRIVATE
1955,92,4,52,PRIVATE
1955,96,4,65,PRIVATE
1951,95,4,66,PRIVATE
1955,94,3,10,PRIVATE
1955,65,3,21,PRIVATE
1955,82,3,13,PRIVATE
1955,92,3,13,PRIVATE
1955,93,3,13,PRIVATE
1955,68,3,13,PRIVATE
1962,84,4,34,PRIVATE
1960,92,3,28,PRIVATE
1960,89,4,27,PRIVATE
1969,95,11,131,PRIVATE
2011,91,10,153,PRIVATE
1974,91,7,61,PRIVATE
1972,84,13,103,PRIVATE
1960,91,7,61,PRIVATE
1969,88,10,112,PRIVATE
1963,96,9,124,PRIVATE
1960,80,6,53,PRIVATE
1961,84,6,65,PRIVATE
1992,92,6,102,SOCIAL HOUSING
1972,88,11,236,TCHC
1965,93,4,20,PRIVATE
1960,88,4,18,PRIVATE
1955,87,4,41,PRIVATE
1960,92,6,70,PRIVATE
1967,93,5,28,PRIVATE
1960,90,3,21,PRIVATE
1956,92,4,52,PRIVATE
1960,87,4,37,PRIVATE
1971,89,13,186,PRIVATE
1965,89,3,10,PRIVATE
1987,82,10,119,TCHC
1965,93,5,61,PRIVATE
1965,91,6,32,PRIVATE
1962,88,3,47,PRIVATE
1962,71,3,12,PRIVATE
1968,61,3,39,PRIVATE
1969,97,14,190,TCHC
1980,91,14,260,TCHC
1969,85,21,301,TCHC
1969,94,24,327,TCHC
1969,75,24,327,TCHC
1972,78,25,336,PRIVATE
1979,88,28,479,PRIVATE
1963,85,14,157,PRIVATE
1980,93,18,326,TCHC
1970,82,16,170,PRIVATE
1989,83,4,24,SOCIAL HOUSING
1992,87,6,94,SOCIAL HOUSING
1960,95,6,46,PRIVATE
1982,92,9,115,SOCIAL HOUSING
1992,100,6,80,SOCIAL HOUSING
1960,90,5,42,PRIVATE
1952,87,4,48,PRIVATE
1960,93,3,14,PRIVATE
1957,87,3,15,PRIVATE
1955,88,3,16,PRIVATE
1955,94,4,16,PRIVATE
1968,92,15,88,PRIVATE
1957,87,4,30,TCHC
1967,66,6,416,PRIVATE
1976,90,11,263,PRIVATE
1987,76,3,45,SOCIAL HOUSING
2001,94,11,167,TCHC
1971,93,12,164,TCHC
1971,91,13,178,TCHC
1960,86,3,12,PRIVATE
1958,71,4,16,PRIVATE
1979,95,21,208,PRIVATE
1956,85,9,85,PRIVATE
1967,86,4,36,PRIVATE
1974,91,8,76,PRIVATE
1960,75,3,10,PRIVATE
1965,90,5,62,PRIVATE
1965,88,5,62,PRIVATE
1965,92,5,61,PRIVATE
1961,86,6,58,PRIVATE
1979,94,11,330,TCHC
1965,93,15,180,PRIVATE
1956,79,4,43,TCHC
1973,93,9,92,PRIVATE
1992,80,4,41,SOCIAL HOUSING
1968,96,24,291,PRIVATE
1970,85,16,306,TCHC
1980,98,8,60,PRIVATE
2009,89,13,180,TCHC
2005,94,5,84,SOCIAL HOUSING
1983,84,11,150,TCHC
1987,82,3,50,SOCIAL HOUSING
1967,70,11,118,PRIVATE
1993,91,4,42,SOCIAL HOUSING
1957,95,3,12,PRIVATE
1963,97,19,244,PRIVATE
1963,99,29,217,PRIVATE
1963,90,18,244,PRIVATE
1968,72,12,96,PRIVATE
1966,96,11,108,PRIVATE
1957,85,4,30,TCHC
1992,97,4,25,SOCIAL HOUSING
1954,86,4,22,PRIVATE
1954,84,4,19,PRIVATE
1960,94,4,23,PRIVATE
1954,91,4,39,PRIVATE
1953,81,3,38,PRIVATE
1958,77,4,24,PRIVATE
1955,92,3,41,PRIVATE
1953,82,4,25,PRIVATE
1958,85,3,12,PRIVATE
1960,89,17,259,PRIVATE
1979,90,21,372,PRIVATE
1971,99,12,167,PRIVATE
1971,89,13,177,PRIVATE
1972,96,10,135,PRIVATE
1974,97,14,192,PRIVATE
1957,94,3,13,PRIVATE
1972,84,4,201,TCHC
1972,93,4,171,TCHC
1960,92,3,11,PRIVATE
1953,94,3,11,PRIVATE
1984,89,17,192,TCHC
1964,97,7,82,PRIVATE
1968,90,14,257,TCHC
1974,93,14,175,PRIVATE
1974,98,13,167,PRIVATE
1974,90,13,167,PRIVATE
1974,92,14,175,PRIVATE
1959,89,11,124,PRIVATE
1956,95,8,96,PRIVATE
1957,88,13,118,PRIVATE
1956,92,13,118,PRIVATE
1952,86,12,63,PRIVATE
1955,78,11,63,PRIVATE
1955,93,11,57,PRIVATE
1956,88,3,22,PRIVATE
1955,93,11,62,PRIVATE
1952,91,4,41,PRIVATE
1951,89,3,10,PRIVATE
1952,85,4,10,PRIVATE
1960,87,3,10,PRIVATE
1960,87,3,10,PRIVATE
1960,90,3,10,PRIVATE
1965,89,4,40,PRIVATE
1960,96,4,22,PRIVATE
1961,90,4,13,PRIVATE
1955,85,4,33,PRIVATE
1953,82,3,54,PRIVATE
1969,96,16,152,PRIVATE
1957,65,4,30,PRIVATE
1966,100,18,263,PRIVATE
2017,100,30,342,PRIVATE
1965,97,18,286,PRIVATE
1968,92,4,48,PRIVATE
1968,99,23,366,PRIVATE
1968,89,27,202,PRIVATE
1962,87,3,10,PRIVATE
1965,92,12,89,PRIVATE
1954,89,4,19,PRIVATE
1968,75,3,12,PRIVATE
1960,75,3,12,PRIVATE
1965,84,19,265,PRIVATE
1967,86,18,250,PRIVATE
1962,71,3,10,PRIVATE
1962,99,4,15,PRIVATE
1956,81,4,24,PRIVATE
1960,76,3,34,PRIVATE
1993,92,5,113,TCHC
1965,95,14,119,PRIVATE
1959,93,6,42,PRIVATE
1955,84,4,35,PRIVATE
1960,92,5,62,PRIVATE
1954,83,6,73,PRIVATE
1953,83,3,15,PRIVATE
1951,84,7,75,PRIVATE
1953,98,5,62,PRIVATE
1964,89,11,210,PRIVATE
1953,89,6,31,PRIVATE
1976,86,10,83,PRIVATE
1952,93,11,114,PRIVATE
1953,83,6,62,PRIVATE
1961,92,10,149,PRIVATE
1960,64,5,60,PRIVATE
1964,97,14,117,PRIVATE
1960,75,3,10,PRIVATE
1992,96,7,160,TCHC
1970,91,6,47,PRIVATE
1983,98,12,181,TCHC
1960,96,3,28,PRIVATE
1955,94,4,22,PRIVATE
1955,92,4,22,PRIVATE
1955,76,4,20,PRIVATE
1984,90,8,160,SOCIAL HOUSING
1965,94,9,102,PRIVATE
1958,97,4,34,PRIVATE
1960,87,7,61,PRIVATE
1960,87,4,19,PRIVATE
1974,91,19,225,PRIVATE
1958,97,7,48,PRIVATE
1964,79,7,47,PRIVATE
2005,98,6,84,PRIVATE
1960,92,4,58,PRIVATE
1960,89,4,28,PRIVATE
1960,83,4,28,PRIVATE
1958,95,3,31,PRIVATE
1958,97,4,30,PRIVATE
1958,86,4,29,PRIVATE
1958,94,4,29,PRIVATE
1958,89,4,30,PRIVATE
1960,88,5,50,PRIVATE
1958,76,3,11,PRIVATE
1953,70,3,10,PRIVATE
1962,87,5,37,PRIVATE
1955,79,3,11,PRIVATE
1955,80,4,17,PRIVATE
1959,91,3,30,PRIVATE
1964,72,7,67,PRIVATE
1966,90,9,80,PRIVATE
1967,89,8,77,PRIVATE
1956,76,3,13,PRIVATE
1983,89,9,130,SOCIAL HOUSING
1989,91,11,164,SOCIAL HOUSING
1960,88,6,50,PRIVATE
1969,98,6,35,PRIVATE
1960,88,13,142,PRIVATE
1962,96,14,167,PRIVATE
1980,88,14,301,TCHC
1965,91,4,64,PRIVATE
1961,90,6,71,PRIVATE
1963,93,10,81,PRIVATE
1962,97,6,60,PRIVATE
1968,79,6,60,PRIVATE
1959,97,6,92,PRIVATE
1959,96,6,96,PRIVATE
1964,84,12,133,PRIVATE
1964,95,12,108,PRIVATE
1969,90,12,120,PRIVATE
1967,95,11,149,PRIVATE
1967,96,19,247,PRIVATE
1970,92,17,202,PRIVATE
1982,79,6,90,SOCIAL HOUSING
1971,92,12,67,PRIVATE
1960,90,13,170,PRIVATE
1960,94,13,170,PRIVATE
1969,91,14,181,PRIVATE
1972,88,14,389,TCHC
1974,97,21,281,PRIVATE
1971,89,14,188,PRIVATE
2013,95,29,463,PRIVATE
2005,98,33,293,PRIVATE
1979,93,28,265,PRIVATE
1954,90,6,48,PRIVATE
1965,96,6,69,PRIVATE
1953,96,4,19,PRIVATE
1953,94,4,19,PRIVATE
2006,99,4,14,PRIVATE
1960,74,3,26,PRIVATE
1965,92,4,112,PRIVATE
1965,93,5,27,PRIVATE
1964,92,3,304,PRIVATE
1971,94,12,234,PRIVATE
1971,97,12,172,PRIVATE
1971,97,12,235,PRIVATE
1960,95,3,39,PRIVATE
2004,86,8,62,PRIVATE
1971,77,3,18,PRIVATE
2003,99,27,306,PRIVATE
1964,77,12,250,PRIVATE
1988,69,4,16,PRIVATE
1971,75,22,326,TCHC
1959,92,7,70,PRIVATE
1960,91,3,11,PRIVATE
1962,87,3,11,PRIVATE
1954,88,3,12,PRIVATE
1962,99,6,52,PRIVATE
1964,93,6,37,PRIVATE
1955,92,3,18,PRIVATE
1977,93,10,330,TCHC
1982,97,9,141,PRIVATE
1982,95,9,132,PRIVATE
1954,89,4,34,PRIVATE
1956,92,4,28,PRIVATE
1968,85,4,27,PRIVATE
1954,77,4,54,PRIVATE
1954,81,4,54,PRIVATE
1960,89,4,59,PRIVATE
1958,99,4,35,PRIVATE
1954,83,4,26,PRIVATE
1964,90,8,67,PRIVATE
1987,87,8,112,SOCIAL HOUSING
1954,91,4,54,PRIVATE
1966,83,5,52,PRIVATE
1958,96,5,54,PRIVATE
1966,98,7,93,PRIVATE
1968,86,4,59,PRIVATE
1958,92,4,43,PRIVATE
1958,94,4,43,PRIVATE
1958,95,4,43,PRIVATE
1962,94,6,85,PRIVATE
1960,93,4,35,PRIVATE
1963,99,7,100,PRIVATE
1963,100,7,100,PRIVATE
1961,82,7,67,PRIVATE
1979,92,10,83,PRIVATE
1959,94,4,36,PRIVATE
1959,93,4,36,PRIVATE
1964,69,12,204,PRIVATE
1964,76,15,240,PRIVATE
1960,78,7,91,PRIVATE
1961,76,3,11,PRIVATE
1964,93,6,72,PRIVATE
1964,98,6,71,PRIVATE
1962,79,6,69,PRIVATE
1960,94,7,104,PRIVATE
1972,95,13,178,PRIVATE
1971,77,15,203,TCHC
1971,77,15,201,TCHC
1972,81,6,228,PRIVATE
2017,90,37,337,PRIVATE
1960,91,3,34,PRIVATE
1960,87,4,33,PRIVATE
1960,86,4,33,PRIVATE
1960,90,4,33,PRIVATE
1967,87,11,198,TCHC
1965,91,18,131,PRIVATE
1965,100,7,63,PRIVATE
1970,83,10,78,PRIVATE
1960,83,8,71,PRIVATE
1955,80,4,38,PRIVATE
1960,74,3,40,PRIVATE
1971,87,10,61,PRIVATE
1966,83,15,174,PRIVATE
1961,74,4,33,PRIVATE
1960,85,13,85,PRIVATE
1958,84,4,35,PRIVATE
1964,89,25,547,PRIVATE
1960,89,15,171,PRIVATE
1954,90,3,12,PRIVATE
1964,86,15,223,TCHC
1965,93,7,49,PRIVATE
1963,87,5,79,PRIVATE
1968,95,13,126,PRIVATE
1968,94,7,108,PRIVATE
1971,94,7,105,PRIVATE
1971,94,13,128,PRIVATE
2022,99,16,259,PRIVATE
1957,79,3,10,PRIVATE
1956,98,3,10,PRIVATE
1975,97,3,11,PRIVATE
1956,87,3,10,PRIVATE
1957,67,3,10,PRIVATE
1960,87,3,11,PRIVATE
1965,81,3,11,PRIVATE
1955,94,3,10,PRIVATE
1960,93,3,11,PRIVATE
1960,76,3,11,PRIVATE
1955,84,3,25,PRIVATE
1960,90,3,11,PRIVATE
1956,69,3,15,PRIVATE
1956,70,3,11,PRIVATE
1956,66,3,13,PRIVATE
1956,80,3,11,PRIVATE
1962,90,8,29,PRIVATE
1963,87,6,47,TCHC
1979,95,9,47,PRIVATE
1963,94,12,76,PRIVATE
1965,79,8,88,PRIVATE
1960,91,8,71,PRIVATE
1960,93,7,61,PRIVATE
1968,90,28,427,PRIVATE
1966,91,18,118,PRIVATE
1970,81,29,719,TCHC
1963,88,7,69,PRIVATE
1968,79,29,554,PRIVATE
1968,96,32,565,PRIVATE
1969,88,32,571,PRIVATE
2023,99,13,171,PRIVATE
2023,98,13,160,PRIVATE
1960,95,15,154,PRIVATE
1959,90,11,299,TCHC
1965,82,18,371,PRIVATE
1965,92,19,371,PRIVATE
1952,71,3,29,PRIVATE
1952,69,3,29,PRIVATE
1952,74,3,29,PRIVATE
1953,88,3,30,PRIVATE
1956,81,3,11,PRIVATE
1956,85,3,12,PRIVATE
1952,58,3,11,PRIVATE
1958,78,3,15,PRIVATE
1954,85,3,22,PRIVATE
1995,90,5,24,SOCIAL HOUSING
1957,94,3,11,PRIVATE
1960,85,3,10,PRIVATE
1951,76,3,12,PRIVATE
1967,82,25,246,PRIVATE
1967,73,25,245,PRIVATE
1973,88,17,391,TCHC
1970,88,12,112,PRIVATE
1962,88,8,62,PRIVATE
1962,82,8,76,PRIVATE
1959,92,6,97,PRIVATE
1961,89,6,93,PRIVATE
1961,82,6,65,PRIVATE
1967,93,19,150,PRIVATE
1965,80,12,101,PRIVATE
1962,89,9,116,PRIVATE
1957,90,4,34,PRIVATE
1960,85,3,61,PRIVATE
1961,85,4,33,PRIVATE
1960,92,8,65,PRIVATE
1962,93,13,97,PRIVATE
1963,93,10,69,PRIVATE
1968,80,6,52,PRIVATE
1972,82,27,214,PRIVATE
1973,85,27,214,PRIVATE
1984,75,18,176,TCHC
1961,89,4,55,PRIVATE
1960,83,4,93,PRIVATE
1960,96,4,97,PRIVATE
1972,74,27,263,PRIVATE
1977,92,3,46,PRIVATE
1977,83,3,61,PRIVATE
2011,82,18,190,SOCIAL HOUSING
2006,81,3,47,TCHC
1952,87,3,34,PRIVATE
1952,85,3,17,PRIVATE
1969,78,9,177,PRIVATE
2011,100,21,218,PRIVATE
1965,88,5,47,PRIVATE
1965,91,7,55,PRIVATE
1958,96,4,61,PRIVATE
1960,83,5,61,PRIVATE
1959,82,3,29,PRIVATE
1970,96,4,66,PRIVATE
1967,75,10,221,TCHC
1968,87,18,214,PRIVATE
1968,90,18,214,PRIVATE
1968,91,24,285,PRIVATE
1970,89,24,284,PRIVATE
1971,91,25,278,TCHC
1971,84,24,278,TCHC
1960,93,7,104,PRIVATE
1989,92,4,70,SOCIAL HOUSING
1960,96,4,40,PRIVATE
1960,93,4,40,PRIVATE
1959,97,4,61,PRIVATE
1963,92,7,76,PRIVATE
1962,84,6,65,PRIVATE
1966,90,8,82,PRIVATE
1966,89,8,77,PRIVATE
1960,87,7,110,PRIVATE
1969,80,7,90,PRIVATE
1972,95,16,122,PRIVATE
1983,91,12,166,TCHC
1997,87,7,128,SOCIAL HOUSING
1993,96,9,205,SOCIAL HOUSING
1993,89,7,102,TCHC
2006,91,7,220,TCHC
1961,91,4,55,PRIVATE
1966,95,17,73,PRIVATE
1977,77,4,22,PRIVATE
1977,83,4,22,PRIVATE
1970,78,4,12,PRIVATE
1962,88,3,26,PRIVATE
1952,89,4,34,PRIVATE
1955,89,4,34,PRIVATE
1954,86,4,22,PRIVATE
1970,85,4,18,PRIVATE
1954,86,3,22,PRIVATE
1952,67,4,15,PRIVATE
1970,82,4,17,PRIVATE
1951,56,3,11,PRIVATE
1956,91,3,21,PRIVATE
1963,90,4,102,PRIVATE
1963,93,4,95,PRIVATE
1993,98,3,63,SOCIAL HOUSING
1993,97,3,66,SOCIAL HOUSING
1969,90,5,48,PRIVATE
1962,82,7,109,PRIVATE
1970,83,3,17,PRIVATE
1968,87,3,32,PRIVATE
1970,95,5,45,PRIVATE
1965,86,3,10,PRIVATE
1962,95,6,55,PRIVATE
1960,88,5,49,PRIVATE
1970,88,19,141,PRIVATE
1969,81,5,24,PRIVATE
1962,91,6,59,PRIVATE
1969,78,16,312,PRIVATE
1970,96,15,119,PRIVATE
1962,85,9,103,PRIVATE
1962,78,3,32,PRIVATE
1970,89,3,11,PRIVATE
1954,64,3,18,PRIVATE
1970,97,3,34,PRIVATE
1970,89,3,23,PRIVATE
1970,88,3,36,PRIVATE
2016,98,4,20,SOCIAL HOUSING
1988,96,11,219,TCHC
1985,89,7,109,SOCIAL HOUSING
1959,90,7,60,PRIVATE
1975,75,6,77,SOCIAL HOUSING
1960,97,6,62,PRIVATE
1960,97,7,86,PRIVATE
1964,74,18,287,PRIVATE
1959,92,6,70,PRIVATE
1962,82,6,60,PRIVATE
1965,73,20,380,PRIVATE
1964,88,6,90,PRIVATE
1966,89,25,474,PRIVATE
1968,84,20,400,PRIVATE
1960,96,6,57,PRIVATE
1960,97,6,57,PRIVATE
1968,94,20,279,PRIVATE
1960,88,6,71,PRIVATE
1960,100,6,64,PRIVATE
1960,93,6,71,PRIVATE
1967,72,20,332,PRIVATE
1966,95,21,320,PRIVATE
1966,88,17,308,PRIVATE
1966,86,17,319,PRIVATE
1971,83,43,500,PRIVATE
1971,92,43,496,PRIVATE
1960,86,3,17,PRIVATE
2021,97,18,186,SOCIAL HOUSING
1982,97,19,247,SOCIAL HOUSING
1956,89,12,117,PRIVATE
1986,85,15,174,SOCIAL HOUSING
1955,93,4,70,PRIVATE
1960,94,4,59,PRIVATE
1964,92,4,60,PRIVATE
1972,76,24,374,TCHC
1969,92,11,138,PRIVATE
1964,89,3,18,PRIVATE
1960,87,3,19,PRIVATE
1959,80,3,17,PRIVATE
1960,82,3,15,PRIVATE
1960,75,3,16,PRIVATE
1962,87,3,17,PRIVATE
1954,90,3,28,PRIVATE
1994,98,7,61,SOCIAL HOUSING
1978,98,16,246,PRIVATE
1989,97,8,150,TCHC
1974,97,17,200,PRIVATE
1973,76,4,16,TCHC
1973,78,4,16,TCHC
1973,84,4,16,TCHC
1973,81,4,16,TCHC
1956,98,7,82,PRIVATE
1961,79,7,82,PRIVATE
1992,95,8,111,SOCIAL HOUSING
1960,77,3,45,PRIVATE
1956,89,3,12,PRIVATE
1957,72,4,30,PRIVATE
1974,94,19,369,TCHC
1974,86,19,204,TCHC
1964,95,10,137,PRIVATE
1966,85,22,281,PRIVATE
1964,96,6,84,PRIVATE
1964,90,6,84,PRIVATE
1963,81,6,66,PRIVATE
1960,97,6,58,PRIVATE
1963,87,6,84,PRIVATE
1963,87,6,66,PRIVATE
1969,87,7,131,PRIVATE
1968,95,15,210,PRIVATE
1970,84,15,210,PRIVATE
1968,94,15,214,PRIVATE
1970,85,16,216,PRIVATE
1971,86,15,378,TCHC
2015,99,30,251,PRIVATE
2014,97,30,336,PRIVATE
1965,91,3,10,PRIVATE
1993,97,14,178,TCHC
1970,94,3,18,PRIVATE
1970,93,3,41,PRIVATE
1957,87,3,46,PRIVATE
1970,93,3,18,PRIVATE
1970,60,3,29,PRIVATE
1968,98,7,81,PRIVATE
1958,78,3,10,PRIVATE
1965,100,7,73,PRIVATE
1965,93,7,65,PRIVATE
1959,93,9,69,PRIVATE
1962,94,18,120,PRIVATE
1957,96,9,70,PRIVATE
1965,91,6,48,PRIVATE
1992,87,7,54,TCHC
1960,87,3,26,PRIVATE
1960,87,3,27,PRIVATE
1963,94,10,108,PRIVATE
1965,88,10,93,PRIVATE
1956,92,4,28,PRIVATE
1957,88,5,37,PRIVATE
1963,87,11,216,PRIVATE
1961,94,4,64,PRIVATE
1961,95,4,57,PRIVATE
1985,89,6,98,SOCIAL HOUSING
1983,89,8,174,SOCIAL HOUSING
1959,99,4,54,PRIVATE
1965,84,4,54,PRIVATE
1959,99,4,54,PRIVATE
1965,97,4,61,PRIVATE
1963,100,4,119,PRIVATE
1967,94,6,32,PRIVATE
1965,90,22,263,PRIVATE
1966,87,18,245,PRIVATE
1968,96,13,153,PRIVATE
1969,98,14,125,PRIVATE
1986,90,8,135,TCHC
1969,69,6,40,TCHC
1957,94,3,31,TCHC
1957,74,3,31,TCHC
1960,85,3,16,PRIVATE
1975,97,23,173,PRIVATE
1963,87,4,40,PRIVATE
1991,96,11,106,SOCIAL HOUSING
2018,97,9,51,PRIVATE
1977,91,9,99,TCHC
1960,86,4,27,PRIVATE
1955,84,3,12,PRIVATE
1983,92,7,51,TCHC
1955,76,4,22,PRIVATE
1955,87,4,16,PRIVATE
1952,68,4,22,PRIVATE
1955,82,6,42,PRIVATE
2009,82,3,30,SOCIAL HOUSING
1958,80,4,25,PRIVATE
1955,95,6,31,PRIVATE
1952,91,5,79,PRIVATE
1957,88,7,97,PRIVATE
1955,84,4,45,PRIVATE
1957,84,4,23,PRIVATE
1977,86,4,38,PRIVATE
1966,75,8,106,PRIVATE
1990,79,16,210,SOCIAL HOUSING
2017,99,29,272,PRIVATE
2016,99,10,186,PRIVATE
2016,99,10,176,PRIVATE
1968,86,11,122,PRIVATE
1968,81,11,121,PRIVATE
1975,91,19,139,PRIVATE
1975,89,18,139,PRIVATE
1974,90,17,233,PRIVATE
1974,97,17,228,PRIVATE
1973,89,17,233,PRIVATE
1958,97,3,65,PRIVATE
1992,98,4,16,SOCIAL HOUSING
1971,89,20,328,PRIVATE
1971,85,16,132,PRIVATE
1972,78,14,236,TCHC
1959,76,3,12,PRIVATE
1960,83,4,41,PRIVATE
1958,77,3,24,PRIVATE
1965,85,4,13,PRIVATE
1956,95,4,56,PRIVATE
1982,89,5,125,TCHC
1955,89,4,46,PRIVATE
1960,98,3,20,PRIVATE
1960,90,3,26,PRIVATE
1955,76,3,26,PRIVATE
1957,90,3,11,PRIVATE
1960,93,3,20,PRIVATE
1952,88,3,40,PRIVATE
1952,87,3,33,PRIVATE
1958,84,3,10,PRIVATE
1960,75,3,10,PRIVATE
1958,74,3,10,PRIVATE
1995,89,5,132,TCHC
1953,74,3,11,PRIVATE
1953,77,3,11,PRIVATE
1953,79,3,11,PRIVATE
1953,76,3,11,PRIVATE
1955,73,3,11,PRIVATE
1960,87,3,12,PRIVATE
1960,75,3,12,PRIVATE
1960,92,4,44,PRIVATE
1960,85,3,23,PRIVATE
1960,93,3,36,PRIVATE
1960,87,3,36,PRIVATE
1953,75,3,16,PRIVATE
1965,89,11,118,PRIVATE
1970,89,15,229,PRIVATE
1970,92,4,61,PRIVATE
1968,82,4,80,PRIVATE
1993,91,8,124,TCHC
1960,88,8,85,PRIVATE
1960,84,8,86,PRIVATE
1960,87,8,81,PRIVATE
1960,87,7,84,PRIVATE
1968,85,4,27,PRIVATE
1960,91,4,36,PRIVATE
1960,91,4,82,PRIVATE
1958,92,4,35,PRIVATE
1960,86,3,66,PRIVATE
1958,80,4,42,PRIVATE
1971,93,4,40,PRIVATE
1955,93,4,42,PRIVATE
1958,75,4,55,PRIVATE
1958,83,4,55,PRIVATE
1958,80,4,21,PRIVATE
1960,91,4,42,PRIVATE
1960,90,4,42,PRIVATE
1953,92,3,10,PRIVATE
1964,88,3,10,PRIVATE
1973,85,3,10,PRIVATE
1967,85,3,10,PRIVATE
1955,96,4,32,PRIVATE
1954,77,3,31,PRIVATE
1954,78,3,31,PRIVATE
1993,85,4,79,TCHC
1970,84,4,25,PRIVATE
1962,92,6,92,PRIVATE
1962,95,6,52,PRIVATE
1965,91,3,11,PRIVATE
1956,91,3,22,PRIVATE
1965,90,3,11,PRIVATE
1959,89,3,11,PRIVATE
1965,93,3,11,PRIVATE
1965,94,3,11,PRIVATE
1960,86,3,11,PRIVATE
1971,89,4,35,PRIVATE
1971,87,4,39,PRIVATE
1987,92,7,150,SOCIAL HOUSING
1955,92,6,130,PRIVATE
1960,94,6,124,PRIVATE
1958,80,5,55,PRIVATE
1979,95,26,284,PRIVATE
1972,87,30,240,PRIVATE
1993,97,8,72,TCHC
1960,87,3,11,PRIVATE
1966,80,5,36,PRIVATE
1956,91,4,50,PRIVATE
1977,88,4,38,PRIVATE
1987,81,5,97,SOCIAL HOUSING
2016,95,7,64,PRIVATE
1970,68,6,59,PRIVATE
1992,92,6,61,SOCIAL HOUSING
1968,61,20,304,PRIVATE
1986,89,5,25,PRIVATE
1954,93,3,10,PRIVATE
1954,83,3,11,PRIVATE
1955,95,3,10,PRIVATE
1954,69,3,11,PRIVATE
1954,70,3,11,PRIVATE
1954,88,3,10,PRIVATE
1953,70,3,11,PRIVATE
1968,88,16,304,TCHC
1968,79,16,304,PRIVATE
1968,81,9,188,PRIVATE
1960,88,9,130,PRIVATE
1960,83,9,130,PRIVATE
1960,91,3,40,PRIVATE
1960,90,3,40,PRIVATE
1976,95,25,217,PRIVATE
1973,86,21,346,PRIVATE
1969,96,21,344,PRIVATE
1974,93,21,327,PRIVATE
1970,82,20,340,TCHC
1980,54,4,37,PRIVATE
1996,89,7,102,PRIVATE
1987,83,6,105,TCHC
1960,74,4,48,PRIVATE
1954,91,7,63,PRIVATE
1990,90,4,41,TCHC
1970,90,4,31,TCHC
1960,88,4,17,PRIVATE
1955,85,12,272,PRIVATE
1957,84,4,41,PRIVATE
1957,98,4,41,PRIVATE
1990,88,5,110,TCHC
1964,92,8,305,PRIVATE
1986,89,14,239,TCHC
1970,80,12,118,PRIVATE
1970,97,13,233,PRIVATE
1963,97,18,265,PRIVATE
1968,92,19,304,PRIVATE
1968,93,7,83,PRIVATE
1966,86,4,40,PRIVATE
1965,85,11,133,PRIVATE
1970,97,19,137,PRIVATE
1972,95,18,138,PRIVATE
1970,95,19,137,PRIVATE
1970,96,18,138,PRIVATE
1967,90,16,222,PRIVATE
1967,85,22,219,PRIVATE
1963,91,10,91,PRIVATE
1964,95,8,65,PRIVATE
1963,95,4,25,PRIVATE
2023,96,12,140,PRIVATE
1963,92,4,38,PRIVATE
1961,84,4,58,PRIVATE
1961,86,4,58,PRIVATE
1963,95,7,76,PRIVATE
1970,87,7,73,PRIVATE
1959,93,7,63,PRIVATE
1965,88,8,112,PRIVATE
1961,73,4,64,PRIVATE
1972,87,10,58,PRIVATE
2018,94,7,77,TCHC
2012,100,26,283,PRIVATE
